basename	artwork_path	staged_pdf_recipe_or_pdf	bought	classes_present
CNX_Chem_01_01_ChemWeb	/home/siggi/dev/repos/Myndir/chemistry-2e/base/Ch_01/Source_File/CNX_Chem_01_01_ChemWeb.pdf	pdf	0	persistent-gstate
CNX_Chem_01_01_Electrolys	/home/siggi/dev/repos/Myndir/chemistry-2e/base/Ch_01/Source_File/CNX_Chem_01_01_Electrolys.pdf	pdf	0	persistent-gstate
CNX_Chem_01_01_FuelCell	/home/siggi/dev/repos/Myndir/chemistry-2e/base/Ch_01/Source_File/CNX_Chem_01_01_FuelCell.pdf	pdf	0	persistent-gstate
CNX_Chem_01_01_SciMethod	/home/siggi/dev/repos/Myndir/chemistry-2e/base/Ch_01/Source_File/CNX_Chem_01_01_SciMethod.pdf	pdf	0	persistent-gstate
CNX_Chem_01_01_WaterDom	/home/siggi/dev/repos/Myndir/chemistry-2e/base/Ch_01/Source_File/CNX_Chem_01_01_WaterDom.pdf	pdf	0	persistent-gstate
CNX_Chem_01_02_CellPhone	/home/siggi/dev/repos/Myndir/chemistry-2e/base/Ch_01/Source_File/CNX_Chem_01_02_CellPhone.pdf	pdf	0	persistent-gstate
CNX_Chem_01_02_Cellulose	/home/siggi/dev/repos/Myndir/chemistry-2e/base/Ch_01/Source_File/CNX_Chem_01_02_Cellulose.pdf	pdf	0	persistent-gstate
CNX_Chem_01_02_ConsMatter	/home/siggi/dev/repos/Myndir/chemistry-2e/base/Ch_01/Source_File/CNX_Chem_01_02_ConsMatter.pdf	pdf	0	persistent-gstate
CNX_Chem_01_02_GoldAtoms	/home/siggi/dev/repos/Myndir/chemistry-2e/base/Ch_01/Source_File/CNX_Chem_01_02_GoldAtoms.pdf	pdf	0	persistent-gstate
CNX_Chem_01_02_MattType	/home/siggi/dev/repos/Myndir/chemistry-2e/base/Ch_01/Source_File/CNX_Chem_01_02_MattType.pdf	pdf	0	persistent-gstate
CNX_Chem_01_02_Mixtures	/home/siggi/dev/repos/Myndir/chemistry-2e/base/Ch_01/Source_File/CNX_Chem_01_02_Mixtures.pdf	pdf	0	persistent-gstate
CNX_Chem_01_02_Molecules	/home/siggi/dev/repos/Myndir/chemistry-2e/base/Ch_01/Source_File/CNX_Chem_01_02_Molecules.pdf	pdf	0	persistent-gstate
CNX_Chem_01_02_StatesMatt	/home/siggi/dev/repos/Myndir/chemistry-2e/base/Ch_01/Source_File/CNX_Chem_01_02_StatesMatt.pdf	pdf	0	persistent-gstate
CNX_Chem_01_03_ChemChange	/home/siggi/dev/repos/Myndir/chemistry-2e/base/Ch_01/Source_File/CNX_Chem_01_03_ChemChange.pdf	pdf	0	persistent-gstate
CNX_Chem_01_03_HazDiamond	/home/siggi/dev/repos/Myndir/chemistry-2e/base/Ch_01/Source_File/CNX_Chem_01_03_HazDiamond.pdf	pdf	0	persistent-gstate
CNX_Chem_01_03_PeriodicPU	/home/siggi/dev/repos/Myndir/chemistry-2e/base/Ch_01/Source_File/CNX_Chem_01_03_PeriodicPU.pdf	pdf	0	persistent-gstate
CNX_Chem_01_03_PhysChange	/home/siggi/dev/repos/Myndir/chemistry-2e/base/Ch_01/Source_File/CNX_Chem_01_03_PhysChange.pdf	pdf	0	persistent-gstate
CNX_Chem_01_03_Rust	/home/siggi/dev/repos/Myndir/chemistry-2e/base/Ch_01/Source_File/CNX_Chem_01_03_Rust.pdf	pdf	0	persistent-gstate
CNX_Chem_01_04_Volume	/home/siggi/dev/repos/Myndir/chemistry-2e/base/Ch_01/_preptest/CNX_Chem_01_04_Volume.pdf	pdf	0	persistent-gstate
CNX_Chem_01_05_Archer2_img	/home/siggi/dev/repos/Myndir/chemistry-2e/base/Ch_01/_preptest/CNX_Chem_01_05_Archer2_img.pdf	pdf	0	persistent-gstate
CNX_Chem_01_05_Archery	/home/siggi/dev/repos/Myndir/chemistry-2e/base/Ch_01/Source_File/CNX_Chem_01_05_Archery.pdf	pdf	0	persistent-gstate
CNX_Chem_01_05_Measure	/home/siggi/dev/repos/Myndir/chemistry-2e/base/Ch_01/Source_File/CNX_Chem_01_05_Measure.pdf	pdf	0	persistent-gstate
CNX_Chem_01_05_SigDigits1_img	/home/siggi/dev/repos/Myndir/chemistry-2e/base/Ch_01/Source_File/CNX_Chem_01_05_SigDigits1_img.pdf	pdf	0	persistent-gstate
CNX_Chem_01_05_SigDigits2_img	/home/siggi/dev/repos/Myndir/chemistry-2e/base/Ch_01/Source_File/CNX_Chem_01_05_SigDigits2_img.pdf	pdf	0	persistent-gstate
CNX_Chem_01_05_SigDigits3_img	/home/siggi/dev/repos/Myndir/chemistry-2e/base/Ch_01/Source_File/CNX_Chem_01_05_SigDigits3_img.pdf	pdf	0	persistent-gstate
CNX_Chem_01_05_SigDigits4_img	/home/siggi/dev/repos/Myndir/chemistry-2e/base/Ch_01/Source_File/CNX_Chem_01_05_SigDigits4_img.pdf	pdf	0	persistent-gstate
CNX_Chem_01_05_SigDigits5_img	/home/siggi/dev/repos/Myndir/chemistry-2e/base/Ch_01/Source_File/CNX_Chem_01_05_SigDigits5_img.pdf	pdf	0	persistent-gstate
CNX_Chem_01_06_TempScales	/home/siggi/dev/repos/Myndir/chemistry-2e/base/Ch_01/Source_File/CNX_Chem_01_06_TempScales.pdf	pdf	0	persistent-gstate
CNX_Chem_02_00_Biomarkers	/home/siggi/dev/repos/Myndir/chemistry-2e/base/Ch_02/Source_File/CNX_Chem_02_00_Biomarkers.pdf	pdf	0	persistent-gstate
CNX_Chem_02_01_Dalton2	/home/siggi/dev/repos/Myndir/chemistry-2e/base/Ch_02/Source_File/CNX_Chem_02_01_Dalton2.pdf	pdf	0	persistent-gstate
CNX_Chem_02_01_Dalton3	/home/siggi/dev/repos/Myndir/chemistry-2e/base/Ch_02/Source_File/CNX_Chem_02_01_Dalton3.pdf	pdf	0	persistent-gstate
CNX_Chem_02_01_MultProp	/home/siggi/dev/repos/Myndir/chemistry-2e/base/Ch_02/Source_File/CNX_Chem_02_01_MultProp.pdf	pdf	0	persistent-gstate
CNX_Chem_02_02_AtomModels	/home/siggi/dev/repos/Myndir/chemistry-2e/base/Ch_02/Source_File/CNX_Chem_02_02_AtomModels.pdf	pdf	0	persistent-gstate
CNX_Chem_02_02_CathodeRay	/home/siggi/dev/repos/Myndir/chemistry-2e/base/Ch_02/Source_File/CNX_Chem_02_02_CathodeRay.pdf	pdf	0	persistent-gstate
CNX_Chem_02_02_GoldFoil3	/home/siggi/dev/repos/Myndir/chemistry-2e/base/Ch_02/Source_File/CNX_Chem_02_02_GoldFoil3.pdf	pdf	0	persistent-gstate
CNX_Chem_02_02_Millikan	/home/siggi/dev/repos/Myndir/chemistry-2e/base/Ch_02/Source_File/CNX_Chem_02_02_Millikan.pdf	pdf	0	persistent-gstate
CNX_Chem_02_02_Rutherford	/home/siggi/dev/repos/Myndir/chemistry-2e/base/Ch_02/Source_File/CNX_Chem_02_02_Rutherford.pdf	pdf	0	persistent-gstate
CNX_Chem_02_03_AtomSize	/home/siggi/dev/repos/Myndir/chemistry-2e/base/Ch_02/Source_File/CNX_Chem_02_03_AtomSize.pdf	pdf	0	persistent-gstate
CNX_Chem_02_03_AtomSym	/home/siggi/dev/repos/Myndir/chemistry-2e/base/Ch_02/Source_File/CNX_Chem_02_03_AtomSym.pdf	pdf	0	persistent-gstate
CNX_Chem_02_03_Iodine	/home/siggi/dev/repos/Myndir/chemistry-2e/base/Ch_02/Source_File/CNX_Chem_02_03_Iodine.pdf	pdf	0	persistent-gstate
CNX_Chem_02_03_MassSpec	/home/siggi/dev/repos/Myndir/chemistry-2e/base/Ch_02/Source_File/CNX_Chem_02_03_MassSpec.pdf	pdf	0	persistent-gstate
CNX_Chem_02_04_AceticAcid	/home/siggi/dev/repos/Myndir/chemistry-2e/base/Ch_02/Source_File/CNX_Chem_02_04_AceticAcid.pdf	pdf	0	persistent-gstate
CNX_Chem_02_04_Hydrogen	/home/siggi/dev/repos/Myndir/chemistry-2e/base/Ch_02/Source_File/CNX_Chem_02_04_Hydrogen.pdf	pdf	0	persistent-gstate
CNX_Chem_02_04_Isomers	/home/siggi/dev/repos/Myndir/chemistry-2e/base/Ch_02/Source_File/CNX_Chem_02_04_Isomers.pdf	pdf	0	persistent-gstate
CNX_Chem_02_04_Isomers2	/home/siggi/dev/repos/Myndir/chemistry-2e/base/Ch_02/Source_File/CNX_Chem_02_04_Isomers2.pdf	pdf	0	persistent-gstate
CNX_Chem_02_04_MethaneRep	/home/siggi/dev/repos/Myndir/chemistry-2e/base/Ch_02/Source_File/CNX_Chem_02_04_MethaneRep.pdf	pdf	0	persistent-gstate
CNX_Chem_02_04_Question3a_img	/home/siggi/dev/repos/Myndir/chemistry-2e/base/Ch_02/Source_File/CNX_Chem_02_04_Question3a_img.pdf	pdf	0	persistent-gstate
CNX_Chem_02_04_Question3b_img	/home/siggi/dev/repos/Myndir/chemistry-2e/base/Ch_02/Source_File/CNX_Chem_02_04_Question3b_img.pdf	pdf	0	persistent-gstate
CNX_Chem_02_04_Question3c_img	/home/siggi/dev/repos/Myndir/chemistry-2e/base/Ch_02/Source_File/CNX_Chem_02_04_Question3c_img.pdf	pdf	0	persistent-gstate
CNX_Chem_02_04_Question3d_img	/home/siggi/dev/repos/Myndir/chemistry-2e/base/Ch_02/Source_File/CNX_Chem_02_04_Question3d_img.pdf	pdf	0	persistent-gstate
CNX_Chem_02_04_Question4a_img	/home/siggi/dev/repos/Myndir/chemistry-2e/base/Ch_02/Source_File/CNX_Chem_02_04_Question4a_img.pdf	pdf	0	persistent-gstate
CNX_Chem_02_04_Question4b_img	/home/siggi/dev/repos/Myndir/chemistry-2e/base/Ch_02/Source_File/CNX_Chem_02_04_Question4b_img.pdf	pdf	0	persistent-gstate
CNX_Chem_02_04_Question4c_img	/home/siggi/dev/repos/Myndir/chemistry-2e/base/Ch_02/Source_File/CNX_Chem_02_04_Question4c_img.pdf	pdf	0	persistent-gstate
CNX_Chem_02_04_Question4d_img	/home/siggi/dev/repos/Myndir/chemistry-2e/base/Ch_02/Source_File/CNX_Chem_02_04_Question4d_img.pdf	pdf	0	persistent-gstate
CNX_Chem_02_04_Question7a_img	/home/siggi/dev/repos/Myndir/chemistry-2e/base/Ch_02/Source_File/CNX_Chem_02_04_Question7a_img.pdf	pdf	0	persistent-gstate
CNX_Chem_02_04_Question7b_img	/home/siggi/dev/repos/Myndir/chemistry-2e/base/Ch_02/Source_File/CNX_Chem_02_04_Question7b_img.pdf	pdf	0	persistent-gstate
CNX_Chem_02_04_Question9a_img	/home/siggi/dev/repos/Myndir/chemistry-2e/base/Ch_02/Source_File/CNX_Chem_02_04_Question9a_img.pdf	pdf	0	persistent-gstate
CNX_Chem_02_04_Question9b_img	/home/siggi/dev/repos/Myndir/chemistry-2e/base/Ch_02/Source_File/CNX_Chem_02_04_Question9b_img.pdf	pdf	0	persistent-gstate
CNX_Chem_02_04_Sulfur	/home/siggi/dev/repos/Myndir/chemistry-2e/base/Ch_02/Source_File/CNX_Chem_02_04_Sulfur.pdf	pdf	0	persistent-gstate
CNX_Chem_02_04_TiO2	/home/siggi/dev/repos/Myndir/chemistry-2e/base/Ch_02/Source_File/CNX_Chem_02_04_TiO2.pdf	pdf	0	persistent-gstate
CNX_Chem_02_05_Mendeleev	/home/siggi/dev/repos/Myndir/chemistry-2e/base/Ch_02/Source_File/CNX_Chem_02_05_Mendeleev.pdf	pdf	0	persistent-gstate
CNX_Chem_02_05_PerTable2	/home/siggi/dev/repos/Myndir/chemistry-2e/base/Ch_02/Source_File/CNX_Chem_02_05_PerTable2.pdf	pdf	0	persistent-gstate
CNX_Chem_02_06_IonCharges	/home/siggi/dev/repos/Myndir/chemistry-2e/base/Ch_02/Source_File/CNX_Chem_02_06_IonCharges.pdf	pdf	0	persistent-gstate
CNX_Chem_02_06_NaCation	/home/siggi/dev/repos/Myndir/chemistry-2e/base/Ch_02/Source_File/CNX_Chem_02_06_NaCation.pdf	pdf	0	persistent-gstate
CNX_Chem_02_07_ErinBrocko	/home/siggi/dev/repos/Myndir/chemistry-2e/base/Ch_02/Source_File/CNX_Chem_02_07_ErinBrocko.pdf	pdf	0	persistent-gstate
CNX_Chem_03_01_Ex01_05a_img	/home/siggi/dev/repos/Myndir/chemistry-2e/base/Ch_03/Source_File/CNX_Chem_03_01_Ex01_05a_img.pdf	pdf	0	persistent-gstate
CNX_Chem_03_01_Ex01_05b_img	/home/siggi/dev/repos/Myndir/chemistry-2e/base/Ch_03/Source_File/CNX_Chem_03_01_Ex01_05b_img.pdf	pdf	0	persistent-gstate
CNX_Chem_03_01_Ex01_05c_img	/home/siggi/dev/repos/Myndir/chemistry-2e/base/Ch_03/Source_File/CNX_Chem_03_01_Ex01_05c_img.pdf	pdf	0	persistent-gstate
CNX_Chem_03_01_Ex01_05d_img	/home/siggi/dev/repos/Myndir/chemistry-2e/base/Ch_03/Source_File/CNX_Chem_03_01_Ex01_05d_img.pdf	pdf	0	persistent-gstate
CNX_Chem_03_01_Ex01_06a_img	/home/siggi/dev/repos/Myndir/chemistry-2e/base/Ch_03/Source_File/CNX_Chem_03_01_Ex01_06a_img.pdf	pdf	0	persistent-gstate
CNX_Chem_03_01_Ex01_06b_img	/home/siggi/dev/repos/Myndir/chemistry-2e/base/Ch_03/Source_File/CNX_Chem_03_01_Ex01_06b_img.pdf	pdf	0	persistent-gstate
CNX_Chem_03_01_Ex01_06c_img	/home/siggi/dev/repos/Myndir/chemistry-2e/base/Ch_03/Source_File/CNX_Chem_03_01_Ex01_06c_img.pdf	pdf	0	persistent-gstate
CNX_Chem_03_01_Ex01_06d_img	/home/siggi/dev/repos/Myndir/chemistry-2e/base/Ch_03/Source_File/CNX_Chem_03_01_Ex01_06d_img.pdf	pdf	0	persistent-gstate
CNX_Chem_03_01_Ex01_07a_img	/home/siggi/dev/repos/Myndir/chemistry-2e/base/Ch_03/Source_File/CNX_Chem_03_01_Ex01_07a_img.pdf	pdf	0	persistent-gstate
CNX_Chem_03_01_Ex01_07b_img	/home/siggi/dev/repos/Myndir/chemistry-2e/base/Ch_03/Source_File/CNX_Chem_03_01_Ex01_07b_img.pdf	pdf	0	persistent-gstate
CNX_Chem_03_01_Ex01_07c_img	/home/siggi/dev/repos/Myndir/chemistry-2e/base/Ch_03/Source_File/CNX_Chem_03_01_Ex01_07c_img.pdf	pdf	0	persistent-gstate
CNX_Chem_03_01_alsulfatemass_img	/home/siggi/dev/repos/Myndir/chemistry-2e/base/Ch_03/Source_File/CNX_Chem_03_01_alsulfatemass_img.pdf	pdf	1	persistent-gstate
CNX_Chem_03_01_chloroform	/home/siggi/dev/repos/Myndir/chemistry-2e/base/Ch_03/Source_File/CNX_Chem_03_01_chloroform.pdf	pdf	1	persistent-gstate
CNX_Chem_03_01_exocytosis-88f6	/home/siggi/dev/repos/Myndir/chemistry-2e/base/Ch_03/Source_File/CNX_Chem_03_01_exocytosis.pdf	pdf	1	persistent-gstate
CNX_Chem_03_01_glycinemass_img	/home/siggi/dev/repos/Myndir/chemistry-2e/base/Ch_03/Source_File/CNX_Chem_03_01_glycinemass_img.pdf	pdf	1	persistent-gstate
CNX_Chem_03_01_saltMass	/home/siggi/dev/repos/Myndir/chemistry-2e/base/Ch_03/Source_File/CNX_Chem_03_01_saltMass.pdf	pdf	1	persistent-gstate
CNX_Chem_03_02_saccharin_img	/home/siggi/dev/repos/Myndir/chemistry-2e/base/Ch_03/Source_File/CNX_Chem_03_02_saccharin_img.pdf	pdf	0	persistent-gstate
CNX_Chem_03_03_empform	/home/siggi/dev/repos/Myndir/chemistry-2e/base/Ch_03/Source_File/CNX_Chem_03_03_empform.pdf	pdf	1	persistent-gstate
CNX_Chem_03_05_faucet	/home/siggi/dev/repos/Myndir/chemistry-2e/base/Ch_03/Source_File/CNX_Chem_03_05_faucet.pdf	pdf	0	persistent-gstate
CNX_Chem_03_05_saline	/home/siggi/dev/repos/Myndir/chemistry-2e/base/Ch_03/Source_File/CNX_Chem_03_05_saline.pdf	pdf	0	persistent-gstate
CNX_Chem_04_01_basehyd_img	/home/siggi/dev/repos/Myndir/chemistry-2e/base/Ch_04/Source_File/CNX_Chem_04_01_basehyd_img.pdf	pdf	1	persistent-gstate
CNX_Chem_04_01_rxn2	/home/siggi/dev/repos/Myndir/chemistry-2e/base/Ch_04/Source_File/CNX_Chem_04_01_rxn2.pdf	pdf	1	persistent-gstate
CNX_Chem_04_01_rxn3	/home/siggi/dev/repos/Myndir/chemistry-2e/base/Ch_04/Source_File/CNX_Chem_04_01_rxn3.pdf	pdf	1	persistent-gstate
CNX_Chem_04_02_HClsoln	/home/siggi/dev/repos/Myndir/chemistry-2e/base/Ch_04/Source_File/CNX_Chem_04_02_HClsoln.pdf	pdf	1	persistent-gstate
CNX_Chem_04_03_etheneBr_img	/home/siggi/dev/repos/Myndir/chemistry-2e/base/Ch_04/Source_File/CNX_Chem_04_03_etheneBr_img.pdf	pdf	1	persistent-gstate
CNX_Chem_04_03_ethene_img	/home/siggi/dev/repos/Myndir/chemistry-2e/base/Ch_04/Source_File/CNX_Chem_04_03_ethene_img.pdf	pdf	1	persistent-gstate
CNX_Chem_04_03_flowchart	/home/siggi/dev/repos/Myndir/chemistry-2e/base/Ch_04/Source_File/CNX_Chem_04_03_flowchart.pdf	pdf	1	persistent-gstate
CNX_Chem_04_04_GreenChem	/home/siggi/dev/repos/Myndir/chemistry-2e/base/Ch_04/Source_File/CNX_Chem_04_04_GreenChem.pdf	pdf	1	persistent-gstate
CNX_Chem_04_04_limiting	/home/siggi/dev/repos/Myndir/chemistry-2e/base/Ch_04/Source_File/CNX_Chem_04_04_limiting.pdf	pdf	1	persistent-gstate
CNX_Chem_04_04_saccharin_img	/home/siggi/dev/repos/Myndir/chemistry-2e/base/Ch_04/Source_File/CNX_Chem_04_04_saccharin_img.pdf	pdf	0	persistent-gstate
CNX_Chem_04_04_sandwich	/home/siggi/dev/repos/Myndir/chemistry-2e/base/Ch_04/Source_File/CNX_Chem_04_04_sandwich.pdf	pdf	1	persistent-gstate
CNX_Chem_04_05_combustion	/home/siggi/dev/repos/Myndir/chemistry-2e/base/Ch_04/Source_File/CNX_Chem_04_05_combustion.pdf	pdf	1	persistent-gstate
CNX_Chem_04_05_propionate_img	/home/siggi/dev/repos/Myndir/chemistry-2e/base/Ch_04/Source_File/CNX_Chem_04_05_propionate_img.pdf	pdf	0	persistent-gstate
CNX_Chem_05_01_HeatTrans1	/home/siggi/dev/repos/Myndir/chemistry-2e/base/Ch_05/Source_File/CNX_Chem_05_01_HeatTrans1.pdf	pdf	0	persistent-gstate
CNX_Chem_05_01_HotCold	/home/siggi/dev/repos/Myndir/chemistry-2e/base/Ch_05/Source_File/CNX_Chem_05_01_HotCold.pdf	pdf	0	persistent-gstate
CNX_Chem_05_01_OxyacTorch	/home/siggi/dev/repos/Myndir/chemistry-2e/base/Ch_05/Source_File/CNX_Chem_05_01_OxyacTorch.pdf	pdf	0	persistent-gstate
CNX_Chem_05_01_SolTherm1	/home/siggi/dev/repos/Myndir/chemistry-2e/base/Ch_05/Source_File/CNX_Chem_05_01_SolTherm1.pdf	pdf	0	persistent-gstate
CNX_Chem_05_01_SolTherm2	/home/siggi/dev/repos/Myndir/chemistry-2e/base/Ch_05/Source_File/CNX_Chem_05_01_SolTherm2.pdf	pdf	0	persistent-gstate
CNX_Chem_05_01_Thermochem	/home/siggi/dev/repos/Myndir/chemistry-2e/base/Ch_05/Source_File/CNX_Chem_05_01_Thermochem.pdf	pdf	0	persistent-gstate
CNX_Chem_05_01_Thermom	/home/siggi/dev/repos/Myndir/chemistry-2e/base/Ch_05/Source_File/CNX_Chem_05_01_Thermom.pdf	pdf	0	persistent-gstate
CNX_Chem_05_01_Waterfall	/home/siggi/dev/repos/Myndir/chemistry-2e/base/Ch_05/Source_File/CNX_Chem_05_01_Waterfall.pdf	pdf	0	persistent-gstate
CNX_Chem_05_02_BombCalor	/home/siggi/dev/repos/Myndir/chemistry-2e/base/Ch_05/Source_File/CNX_Chem_05_02_BombCalor.pdf	pdf	0	persistent-gstate
CNX_Chem_05_02_Calorim	/home/siggi/dev/repos/Myndir/chemistry-2e/base/Ch_05/Source_File/CNX_Chem_05_02_Calorim.pdf	pdf	0	persistent-gstate
CNX_Chem_05_02_Calorim2	/home/siggi/dev/repos/Myndir/chemistry-2e/base/Ch_05/Source_File/CNX_Chem_05_02_Calorim2.pdf	pdf	0	persistent-gstate
CNX_Chem_05_02_FoodLabel	/home/siggi/dev/repos/Myndir/chemistry-2e/base/Ch_05/Source_File/CNX_Chem_05_02_FoodLabel.pdf	pdf	0	persistent-gstate
CNX_Chem_05_02_HeatMeas	/home/siggi/dev/repos/Myndir/chemistry-2e/base/Ch_05/Source_File/CNX_Chem_05_02_HeatMeas.pdf	pdf	0	persistent-gstate
CNX_Chem_05_02_HeatTrans2	/home/siggi/dev/repos/Myndir/chemistry-2e/base/Ch_05/Source_File/CNX_Chem_05_02_HeatTrans2.pdf	pdf	0	persistent-gstate
CNX_Chem_05_02_IcePack	/home/siggi/dev/repos/Myndir/chemistry-2e/base/Ch_05/Source_File/CNX_Chem_05_02_IcePack.pdf	pdf	0	persistent-gstate
CNX_Chem_05_03_AlgalFuel1	/home/siggi/dev/repos/Myndir/chemistry-2e/base/Ch_05/Source_File/CNX_Chem_05_03_AlgalFuel1.pdf	pdf	0	persistent-gstate
CNX_Chem_05_03_AlgalFuel2	/home/siggi/dev/repos/Myndir/chemistry-2e/base/Ch_05/Source_File/CNX_Chem_05_03_AlgalFuel2.pdf	pdf	0	persistent-gstate
CNX_Chem_05_03_HessCO2	/home/siggi/dev/repos/Myndir/chemistry-2e/base/Ch_05/Source_File/CNX_Chem_05_03_HessCO2.pdf	pdf	0	persistent-gstate
CNX_Chem_05_03_Summit	/home/siggi/dev/repos/Myndir/chemistry-2e/base/Ch_05/Source_File/CNX_Chem_05_03_Summit.pdf	pdf	0	persistent-gstate
CNX_Chem_05_03_Systemqw	/home/siggi/dev/repos/Myndir/chemistry-2e/base/Ch_05/Source_File/CNX_Chem_05_03_Systemqw.pdf	pdf	0	persistent-gstate
CNX_Chem_06_01_2spectra	/home/siggi/dev/repos/Myndir/chemistry-2e/base/Ch_06/Source_File/CNX_Chem_06_01_2spectra.pdf	pdf	0	persistent-gstate
CNX_Chem_06_01_AMFM	/home/siggi/dev/repos/Myndir/chemistry-2e/base/Ch_06/Source_File/CNX_Chem_06_01_AMFM.pdf	pdf	0	persistent-gstate
CNX_Chem_06_01_Blackbody	/home/siggi/dev/repos/Myndir/chemistry-2e/base/Ch_06/Source_File/CNX_Chem_06_01_Blackbody.pdf	pdf	0	persistent-gstate
CNX_Chem_06_01_Ephoton	/home/siggi/dev/repos/Myndir/chemistry-2e/base/Ch_06/Source_File/CNX_Chem_06_01_Ephoton.pdf	pdf	0	persistent-gstate
CNX_Chem_06_01_Solardist	/home/siggi/dev/repos/Myndir/chemistry-2e/base/Ch_06/Source_File/CNX_Chem_06_01_Solardist.pdf	pdf	0	persistent-gstate
CNX_Chem_06_01_emspectrum	/home/siggi/dev/repos/Myndir/chemistry-2e/base/Ch_06/Source_File/CNX_Chem_06_01_emspectrum.pdf	pdf	0	persistent-gstate
CNX_Chem_06_03_OrbOutline_img	/home/siggi/dev/repos/Myndir/chemistry-2e/base/Ch_06/Source_File/CNX_Chem_06_03_OrbOutline_img.pdf	pdf	0	persistent-gstate
CNX_Chem_06_03_Oshapes	/home/siggi/dev/repos/Myndir/chemistry-2e/base/Ch_06/Source_File/CNX_Chem_06_03_Oshapes.pdf	pdf	0	persistent-gstate
CNX_Chem_06_04_Beryll12_img	/home/siggi/dev/repos/Myndir/chemistry-2e/base/Ch_06/Source_File/CNX_Chem_06_04_Beryll12_img.pdf	pdf	0	persistent-gstate
CNX_Chem_06_04_Boron122_img	/home/siggi/dev/repos/Myndir/chemistry-2e/base/Ch_06/Source_File/CNX_Chem_06_04_Boron122_img.pdf	pdf	0	persistent-gstate
CNX_Chem_06_04_Carbon122_img	/home/siggi/dev/repos/Myndir/chemistry-2e/base/Ch_06/Source_File/CNX_Chem_06_04_Carbon122_img.pdf	pdf	0	persistent-gstate
CNX_Chem_06_04_Econfig	/home/siggi/dev/repos/Myndir/chemistry-2e/base/Ch_06/Source_File/CNX_Chem_06_04_Econfig.pdf	pdf	0	persistent-gstate
CNX_Chem_06_04_Efillorder	/home/siggi/dev/repos/Myndir/chemistry-2e/base/Ch_06/Source_File/CNX_Chem_06_04_Efillorder.pdf	pdf	0	persistent-gstate
CNX_Chem_06_04_Helium1_img	/home/siggi/dev/repos/Myndir/chemistry-2e/base/Ch_06/Source_File/CNX_Chem_06_04_Helium1_img.pdf	pdf	0	persistent-gstate
CNX_Chem_06_04_Hydrog1_img	/home/siggi/dev/repos/Myndir/chemistry-2e/base/Ch_06/Source_File/CNX_Chem_06_04_Hydrog1_img.pdf	pdf	0	persistent-gstate
CNX_Chem_06_04_Lithium12_img	/home/siggi/dev/repos/Myndir/chemistry-2e/base/Ch_06/Source_File/CNX_Chem_06_04_Lithium12_img.pdf	pdf	0	persistent-gstate
CNX_Chem_06_04_NOFNe_img	/home/siggi/dev/repos/Myndir/chemistry-2e/base/Ch_06/Source_File/CNX_Chem_06_04_NOFNe_img.pdf	pdf	0	persistent-gstate
CNX_Chem_06_04_OrbDiaSh2a_img	/home/siggi/dev/repos/Myndir/chemistry-2e/base/Ch_06/Source_File/CNX_Chem_06_04_OrbDiaSh2a_img.pdf	pdf	0	persistent-gstate
CNX_Chem_06_04_OrbDiaSh2b_img	/home/siggi/dev/repos/Myndir/chemistry-2e/base/Ch_06/Source_File/CNX_Chem_06_04_OrbDiaSh2b_img.pdf	pdf	0	persistent-gstate
CNX_Chem_06_04_OrbDiaSh2c_img	/home/siggi/dev/repos/Myndir/chemistry-2e/base/Ch_06/Source_File/CNX_Chem_06_04_OrbDiaSh2c_img.pdf	pdf	0	persistent-gstate
CNX_Chem_06_04_PhosphOrb_img	/home/siggi/dev/repos/Myndir/chemistry-2e/base/Ch_06/Source_File/CNX_Chem_06_04_PhosphOrb_img.pdf	pdf	0	persistent-gstate
CNX_Chem_06_04_Valence	/home/siggi/dev/repos/Myndir/chemistry-2e/base/Ch_06/Source_File/CNX_Chem_06_04_Valence.pdf	pdf	0	persistent-gstate
CNX_Chem_06_05_Elaffin	/home/siggi/dev/repos/Myndir/chemistry-2e/base/Ch_06/Source_File/CNX_Chem_06_05_Elaffin.pdf	pdf	0	persistent-gstate
CNX_Chem_06_05_Firstionen	/home/siggi/dev/repos/Myndir/chemistry-2e/base/Ch_06/Source_File/CNX_Chem_06_05_Firstionen.pdf	pdf	0	persistent-gstate
CNX_Chem_06_05_Ionradii	/home/siggi/dev/repos/Myndir/chemistry-2e/base/Ch_06/Source_File/CNX_Chem_06_05_Ionradii.pdf	pdf	0	persistent-gstate
CNX_Chem_06_05_Oxygen122_img	/home/siggi/dev/repos/Myndir/chemistry-2e/base/Ch_06/Source_File/CNX_Chem_06_05_Oxygen122_img.pdf	pdf	0	persistent-gstate
CNX_Chem_07_03_COCO2_img	/home/siggi/dev/repos/Myndir/chemistry-2e/base/Ch_07/Source_File/CNX_Chem_07_03_COCO2_img.pdf	pdf	0	persistent-gstate
CNX_Chem_07_03_ClS_img	/home/siggi/dev/repos/Myndir/chemistry-2e/base/Ch_07/Source_File/CNX_Chem_07_03_ClS_img.pdf	pdf	0	persistent-gstate
CNX_Chem_07_03_Exercise25_img	/home/siggi/dev/repos/Myndir/chemistry-2e/base/Ch_07/Source_File/CNX_Chem_07_03_Exercise25_img.pdf	pdf	0	persistent-gstate
CNX_Chem_07_03_Exercise3a_img	/home/siggi/dev/repos/Myndir/chemistry-2e/base/Ch_07/Source_File/CNX_Chem_07_03_Exercise3a_img.pdf	pdf	0	persistent-gstate
CNX_Chem_07_03_Exercise3b_img	/home/siggi/dev/repos/Myndir/chemistry-2e/base/Ch_07/Source_File/CNX_Chem_07_03_Exercise3b_img.pdf	pdf	0	persistent-gstate
CNX_Chem_07_03_Exercise3c_img	/home/siggi/dev/repos/Myndir/chemistry-2e/base/Ch_07/Source_File/CNX_Chem_07_03_Exercise3c_img.pdf	pdf	0	persistent-gstate
CNX_Chem_07_03_Exercise3d_img	/home/siggi/dev/repos/Myndir/chemistry-2e/base/Ch_07/Source_File/CNX_Chem_07_03_Exercise3d_img.pdf	pdf	0	persistent-gstate
CNX_Chem_07_03_Exercise3e_img	/home/siggi/dev/repos/Myndir/chemistry-2e/base/Ch_07/Source_File/CNX_Chem_07_03_Exercise3e_img.pdf	pdf	0	persistent-gstate
CNX_Chem_07_03_Exercise3f_img	/home/siggi/dev/repos/Myndir/chemistry-2e/base/Ch_07/Source_File/CNX_Chem_07_03_Exercise3f_img.pdf	pdf	0	persistent-gstate
CNX_Chem_07_03_IF5XeF4_img	/home/siggi/dev/repos/Myndir/chemistry-2e/base/Ch_07/Source_File/CNX_Chem_07_03_IF5XeF4_img.pdf	pdf	0	persistent-gstate
CNX_Chem_07_03_Lewisstruct1_img	/home/siggi/dev/repos/Myndir/chemistry-2e/base/Ch_07/Source_File/CNX_Chem_07_03_Lewisstruct1_img.pdf	pdf	0	persistent-gstate
CNX_Chem_07_03_MXLewisa_img	/home/siggi/dev/repos/Myndir/chemistry-2e/base/Ch_07/Source_File/CNX_Chem_07_03_MXLewisa_img.pdf	pdf	0	persistent-gstate
CNX_Chem_07_03_MXLewisb_img	/home/siggi/dev/repos/Myndir/chemistry-2e/base/Ch_07/Source_File/CNX_Chem_07_03_MXLewisb_img.pdf	pdf	0	persistent-gstate
CNX_Chem_07_03_MXLewisc_img	/home/siggi/dev/repos/Myndir/chemistry-2e/base/Ch_07/Source_File/CNX_Chem_07_03_MXLewisc_img.pdf	pdf	0	persistent-gstate
CNX_Chem_07_03_MXLewisd_img	/home/siggi/dev/repos/Myndir/chemistry-2e/base/Ch_07/Source_File/CNX_Chem_07_03_MXLewisd_img.pdf	pdf	0	persistent-gstate
CNX_Chem_07_03_NaCa_img	/home/siggi/dev/repos/Myndir/chemistry-2e/base/Ch_07/Source_File/CNX_Chem_07_03_NaCa_img.pdf	pdf	0	persistent-gstate
CNX_Chem_07_03_Question18_img	/home/siggi/dev/repos/Myndir/chemistry-2e/base/Ch_07/Source_File/CNX_Chem_07_03_Question18_img.pdf	pdf	0	persistent-gstate
CNX_Chem_07_03_Question1a_img	/home/siggi/dev/repos/Myndir/chemistry-2e/base/Ch_07/Source_File/CNX_Chem_07_03_Question1a_img.pdf	pdf	0	persistent-gstate
CNX_Chem_07_03_Question1b_img	/home/siggi/dev/repos/Myndir/chemistry-2e/base/Ch_07/Source_File/CNX_Chem_07_03_Question1b_img.pdf	pdf	0	persistent-gstate
CNX_Chem_07_03_Question1d_img	/home/siggi/dev/repos/Myndir/chemistry-2e/base/Ch_07/Source_File/CNX_Chem_07_03_Question1d_img.pdf	pdf	0	persistent-gstate
CNX_Chem_07_03_Question1g_img	/home/siggi/dev/repos/Myndir/chemistry-2e/base/Ch_07/Source_File/CNX_Chem_07_03_Question1g_img.pdf	pdf	0	persistent-gstate
CNX_Chem_07_03_Question5_img	/home/siggi/dev/repos/Myndir/chemistry-2e/base/Ch_07/Source_File/CNX_Chem_07_03_Question5_img.pdf	pdf	0	persistent-gstate
CNX_Chem_07_03_Question7d_img	/home/siggi/dev/repos/Myndir/chemistry-2e/base/Ch_07/Source_File/CNX_Chem_07_03_Question7d_img.pdf	pdf	0	persistent-gstate
CNX_Chem_07_03_Question7f_img	/home/siggi/dev/repos/Myndir/chemistry-2e/base/Ch_07/Source_File/CNX_Chem_07_03_Question7f_img.pdf	pdf	0	persistent-gstate
CNX_Chem_07_03_Question7g_img	/home/siggi/dev/repos/Myndir/chemistry-2e/base/Ch_07/Source_File/CNX_Chem_07_03_Question7g_img.pdf	pdf	0	persistent-gstate
CNX_Chem_07_03_Question7h_img	/home/siggi/dev/repos/Myndir/chemistry-2e/base/Ch_07/Source_File/CNX_Chem_07_03_Question7h_img.pdf	pdf	0	persistent-gstate
CNX_Chem_07_03_Question9a_img	/home/siggi/dev/repos/Myndir/chemistry-2e/base/Ch_07/Source_File/CNX_Chem_07_03_Question9a_img.pdf	pdf	0	persistent-gstate
CNX_Chem_07_03_Question9c_img	/home/siggi/dev/repos/Myndir/chemistry-2e/base/Ch_07/Source_File/CNX_Chem_07_03_Question9c_img.pdf	pdf	0	persistent-gstate
CNX_Chem_07_03_SiH4_img	/home/siggi/dev/repos/Myndir/chemistry-2e/base/Ch_07/Source_File/CNX_Chem_07_03_SiH4_img.pdf	pdf	0	persistent-gstate
CNX_Chem_07_03_Singlebond_img	/home/siggi/dev/repos/Myndir/chemistry-2e/base/Ch_07/Source_File/CNX_Chem_07_03_Singlebond_img.pdf	pdf	0	persistent-gstate
CNX_Chem_07_03_Unprelec_img	/home/siggi/dev/repos/Myndir/chemistry-2e/base/Ch_07/Source_File/CNX_Chem_07_03_Unprelec_img.pdf	pdf	0	persistent-gstate
CNX_Chem_07_03_XeF6_img	/home/siggi/dev/repos/Myndir/chemistry-2e/base/Ch_07/Source_File/CNX_Chem_07_03_XeF6_img.pdf	pdf	0	persistent-gstate
CNX_Chem_07_03_dative_img	/home/siggi/dev/repos/Myndir/chemistry-2e/base/Ch_07/Source_File/CNX_Chem_07_03_dative_img.pdf	pdf	0	persistent-gstate
CNX_Chem_07_03_ex070301_1_img	/home/siggi/dev/repos/Myndir/chemistry-2e/base/Ch_07/Source_File/CNX_Chem_07_03_ex070301_1_img.pdf	pdf	0	persistent-gstate
CNX_Chem_07_03_ex070301_2_img	/home/siggi/dev/repos/Myndir/chemistry-2e/base/Ch_07/Source_File/CNX_Chem_07_03_ex070301_2_img.pdf	pdf	0	persistent-gstate
CNX_Chem_07_03_ex070301_3_img	/home/siggi/dev/repos/Myndir/chemistry-2e/base/Ch_07/Source_File/CNX_Chem_07_03_ex070301_3_img.pdf	pdf	0	persistent-gstate
CNX_Chem_07_03_ex070301_4_img	/home/siggi/dev/repos/Myndir/chemistry-2e/base/Ch_07/Source_File/CNX_Chem_07_03_ex070301_4_img.pdf	pdf	0	persistent-gstate
CNX_Chem_07_03_formate2_img	/home/siggi/dev/repos/Myndir/chemistry-2e/base/Ch_07/Source_File/CNX_Chem_07_03_formate2_img.pdf	pdf	0	persistent-gstate
CNX_Chem_07_03_nitrosoni2_img	/home/siggi/dev/repos/Myndir/chemistry-2e/base/Ch_07/Source_File/CNX_Chem_07_03_nitrosoni2_img.pdf	pdf	0	persistent-gstate
CNX_Chem_07_03_nitrosoni3_img	/home/siggi/dev/repos/Myndir/chemistry-2e/base/Ch_07/Source_File/CNX_Chem_07_03_nitrosoni3_img.pdf	pdf	0	persistent-gstate
CNX_Chem_07_04_Ex070402_img	/home/siggi/dev/repos/Myndir/chemistry-2e/base/Ch_07/Source_File/CNX_Chem_07_04_Ex070402_img.pdf	pdf	0	persistent-gstate
CNX_Chem_07_04_Exercis12a_img	/home/siggi/dev/repos/Myndir/chemistry-2e/base/Ch_07/Source_File/CNX_Chem_07_04_Exercis12a_img.pdf	pdf	0	persistent-gstate
CNX_Chem_07_04_Exercis12b_img	/home/siggi/dev/repos/Myndir/chemistry-2e/base/Ch_07/Source_File/CNX_Chem_07_04_Exercis12b_img.pdf	pdf	0	persistent-gstate
CNX_Chem_07_04_Exercis12c_img	/home/siggi/dev/repos/Myndir/chemistry-2e/base/Ch_07/Source_File/CNX_Chem_07_04_Exercis12c_img.pdf	pdf	0	persistent-gstate
CNX_Chem_07_04_Exercis12d_img	/home/siggi/dev/repos/Myndir/chemistry-2e/base/Ch_07/Source_File/CNX_Chem_07_04_Exercis12d_img.pdf	pdf	0	persistent-gstate
CNX_Chem_07_04_HNO2_img	/home/siggi/dev/repos/Myndir/chemistry-2e/base/Ch_07/Source_File/CNX_Chem_07_04_HNO2_img.pdf	pdf	0	persistent-gstate
CNX_Chem_07_04_Ques11ans_img	/home/siggi/dev/repos/Myndir/chemistry-2e/base/Ch_07/Source_File/CNX_Chem_07_04_Ques11ans_img.pdf	pdf	0	persistent-gstate
CNX_Chem_07_04_Ques13ansb_img	/home/siggi/dev/repos/Myndir/chemistry-2e/base/Ch_07/Source_File/CNX_Chem_07_04_Ques13ansb_img.pdf	pdf	0	persistent-gstate
CNX_Chem_07_04_Ques13ansc_img	/home/siggi/dev/repos/Myndir/chemistry-2e/base/Ch_07/Source_File/CNX_Chem_07_04_Ques13ansc_img.pdf	pdf	0	persistent-gstate
CNX_Chem_07_04_Ques2ansb_img	/home/siggi/dev/repos/Myndir/chemistry-2e/base/Ch_07/Source_File/CNX_Chem_07_04_Ques2ansb_img.pdf	pdf	0	persistent-gstate
CNX_Chem_07_04_Ques2ansc_img	/home/siggi/dev/repos/Myndir/chemistry-2e/base/Ch_07/Source_File/CNX_Chem_07_04_Ques2ansc_img.pdf	pdf	0	persistent-gstate
CNX_Chem_07_04_Thiocyan_img	/home/siggi/dev/repos/Myndir/chemistry-2e/base/Ch_07/Source_File/CNX_Chem_07_04_Thiocyan_img.pdf	pdf	0	persistent-gstate
CNX_Chem_07_05_CH3OHLew_img	/home/siggi/dev/repos/Myndir/chemistry-2e/base/Ch_07/Source_File/CNX_Chem_07_05_CH3OHLew_img.pdf	pdf	0	persistent-gstate
CNX_Chem_07_05_CH4bond_img	/home/siggi/dev/repos/Myndir/chemistry-2e/base/Ch_07/Source_File/CNX_Chem_07_05_CH4bond_img.pdf	pdf	0	persistent-gstate
CNX_Chem_07_05_Ethanol_img	/home/siggi/dev/repos/Myndir/chemistry-2e/base/Ch_07/Source_File/CNX_Chem_07_05_Ethanol_img.pdf	pdf	0	persistent-gstate
CNX_Chem_07_06_BeF2	/home/siggi/dev/repos/Myndir/chemistry-2e/base/Ch_07/Source_File/CNX_Chem_07_06_BeF2.pdf	pdf	0	persistent-gstate
CNX_Chem_07_06_CS3a_img	/home/siggi/dev/repos/Myndir/chemistry-2e/base/Ch_07/Source_File/CNX_Chem_07_06_CS3a_img.pdf	pdf	0	persistent-gstate
CNX_Chem_07_06_CS3b_img	/home/siggi/dev/repos/Myndir/chemistry-2e/base/Ch_07/Source_File/CNX_Chem_07_06_CS3b_img.pdf	pdf	0	persistent-gstate
CNX_Chem_07_06_CS3c_img	/home/siggi/dev/repos/Myndir/chemistry-2e/base/Ch_07/Source_File/CNX_Chem_07_06_CS3c_img.pdf	pdf	0	persistent-gstate
CNX_Chem_07_06_Egeom	/home/siggi/dev/repos/Myndir/chemistry-2e/base/Ch_07/Source_File/CNX_Chem_07_06_Egeom.pdf	pdf	0	persistent-gstate
CNX_Chem_07_06_NH3	/home/siggi/dev/repos/Myndir/chemistry-2e/base/Ch_07/Source_File/CNX_Chem_07_06_NH3.pdf	pdf	0	persistent-gstate
CNX_Chem_07_06_OSC_img	/home/siggi/dev/repos/Myndir/chemistry-2e/base/Ch_07/Source_File/CNX_Chem_07_06_OSC_img.pdf	pdf	0	persistent-gstate
CNX_Chem_07_06_Ques23ans_img	/home/siggi/dev/repos/Myndir/chemistry-2e/base/Ch_07/Source_File/CNX_Chem_07_06_Ques23ans_img.pdf	pdf	0	persistent-gstate
CNX_Chem_07_06_SH2NH3_img	/home/siggi/dev/repos/Myndir/chemistry-2e/base/Ch_07/Source_File/CNX_Chem_07_06_SH2NH3_img.pdf	pdf	0	persistent-gstate
CNX_Chem_07_06_molgeom	/home/siggi/dev/repos/Myndir/chemistry-2e/base/Ch_07/Source_File/CNX_Chem_07_06_molgeom.pdf	pdf	0	persistent-gstate
CNX_Chem_08_00_N2O2Lewis_img	/home/siggi/dev/repos/Myndir/chemistry-2e/base/Ch_08/Source_File/CNX_Chem_08_00_N2O2Lewis_img.pdf	pdf	0	persistent-gstate
CNX_Chem_08_01_C4H6_img	/home/siggi/dev/repos/Myndir/chemistry-2e/base/Ch_08/Source_File/CNX_Chem_08_01_C4H6_img.pdf	pdf	0	persistent-gstate
CNX_Chem_08_01_Exover_img	/home/siggi/dev/repos/Myndir/chemistry-2e/base/Ch_08/Source_File/CNX_Chem_08_01_Exover_img.pdf	pdf	0	persistent-gstate
CNX_Chem_08_01_N2LewStru_img	/home/siggi/dev/repos/Myndir/chemistry-2e/base/Ch_08/Source_File/CNX_Chem_08_01_N2LewStru_img.pdf	pdf	0	persistent-gstate
CNX_Chem_08_01_O2bonds_img	/home/siggi/dev/repos/Myndir/chemistry-2e/base/Ch_08/Source_File/CNX_Chem_08_01_O2bonds_img.pdf	pdf	0	persistent-gstate
CNX_Chem_08_01_bondtype_img	/home/siggi/dev/repos/Myndir/chemistry-2e/base/Ch_08/Source_File/CNX_Chem_08_01_bondtype_img.pdf	pdf	0	persistent-gstate
CNX_Chem_08_01_overlap	/home/siggi/dev/repos/Myndir/chemistry-2e/base/Ch_08/Source_File/CNX_Chem_08_01_overlap.pdf	pdf	0	persistent-gstate
CNX_Chem_08_01_sigma	/home/siggi/dev/repos/Myndir/chemistry-2e/base/Ch_08/Source_File/CNX_Chem_08_01_sigma.pdf	pdf	0	persistent-gstate
CNX_Chem_08_02_BH3	/home/siggi/dev/repos/Myndir/chemistry-2e/base/Ch_08/Source_File/CNX_Chem_08_02_BH3.pdf	pdf	0	persistent-gstate
CNX_Chem_08_02_CO2Diag	/home/siggi/dev/repos/Myndir/chemistry-2e/base/Ch_08/Source_File/CNX_Chem_08_02_CO2Diag.pdf	pdf	0	persistent-gstate
CNX_Chem_08_02_H2Otet	/home/siggi/dev/repos/Myndir/chemistry-2e/base/Ch_08/Source_File/CNX_Chem_08_02_H2Otet.pdf	pdf	0	persistent-gstate
CNX_Chem_08_02_HybrdOrbit	/home/siggi/dev/repos/Myndir/chemistry-2e/base/Ch_08/Source_File/CNX_Chem_08_02_HybrdOrbit.pdf	pdf	0	persistent-gstate
CNX_Chem_08_02_SF4_img	/home/siggi/dev/repos/Myndir/chemistry-2e/base/Ch_08/Source_File/CNX_Chem_08_02_SF4_img.pdf	pdf	0	persistent-gstate
CNX_Chem_08_02_SF6	/home/siggi/dev/repos/Myndir/chemistry-2e/base/Ch_08/Source_File/CNX_Chem_08_02_SF6.pdf	pdf	0	persistent-gstate
CNX_Chem_08_02_SulfManuf1_img	/home/siggi/dev/repos/Myndir/chemistry-2e/base/Ch_08/Source_File/CNX_Chem_08_02_SulfManuf1_img.pdf	pdf	0	persistent-gstate
CNX_Chem_08_02_SulfManuf2_img	/home/siggi/dev/repos/Myndir/chemistry-2e/base/Ch_08/Source_File/CNX_Chem_08_02_SulfManuf2_img.pdf	pdf	0	persistent-gstate
CNX_Chem_08_02_SulfManuf3_img	/home/siggi/dev/repos/Myndir/chemistry-2e/base/Ch_08/Source_File/CNX_Chem_08_02_SulfManuf3_img.pdf	pdf	0	persistent-gstate
CNX_Chem_08_02_SulfManuf4_img	/home/siggi/dev/repos/Myndir/chemistry-2e/base/Ch_08/Source_File/CNX_Chem_08_02_SulfManuf4_img.pdf	pdf	0	persistent-gstate
CNX_Chem_08_02_acetic_img	/home/siggi/dev/repos/Myndir/chemistry-2e/base/Ch_08/Source_File/CNX_Chem_08_02_acetic_img.pdf	pdf	0	persistent-gstate
CNX_Chem_08_02_enyne_img	/home/siggi/dev/repos/Myndir/chemistry-2e/base/Ch_08/Source_File/CNX_Chem_08_02_enyne_img.pdf	pdf	0	persistent-gstate
CNX_Chem_08_02_ethane	/home/siggi/dev/repos/Myndir/chemistry-2e/base/Ch_08/Source_File/CNX_Chem_08_02_ethane.pdf	pdf	0	persistent-gstate
CNX_Chem_08_02_hybrid_img	/home/siggi/dev/repos/Myndir/chemistry-2e/base/Ch_08/Source_File/CNX_Chem_08_02_hybrid_img.pdf	pdf	0	persistent-gstate
CNX_Chem_08_02_methionine_img	/home/siggi/dev/repos/Myndir/chemistry-2e/base/Ch_08/Source_File/CNX_Chem_08_02_methionine_img.pdf	pdf	0	persistent-gstate
CNX_Chem_08_02_phosnitro_img	/home/siggi/dev/repos/Myndir/chemistry-2e/base/Ch_08/Source_File/CNX_Chem_08_02_phosnitro_img.pdf	pdf	0	persistent-gstate
CNX_Chem_08_02_phsphorus1_img	/home/siggi/dev/repos/Myndir/chemistry-2e/base/Ch_08/Source_File/CNX_Chem_08_02_phsphorus1_img.pdf	pdf	0	persistent-gstate
CNX_Chem_08_02_phsphorus2_img	/home/siggi/dev/repos/Myndir/chemistry-2e/base/Ch_08/Source_File/CNX_Chem_08_02_phsphorus2_img.pdf	pdf	0	persistent-gstate
CNX_Chem_08_02_sp2Conv	/home/siggi/dev/repos/Myndir/chemistry-2e/base/Ch_08/Source_File/CNX_Chem_08_02_sp2Conv.pdf	pdf	0	persistent-gstate
CNX_Chem_08_02_sp2Ex	/home/siggi/dev/repos/Myndir/chemistry-2e/base/Ch_08/Source_File/CNX_Chem_08_02_sp2Ex.pdf	pdf	0	persistent-gstate
CNX_Chem_08_02_sp3Geom	/home/siggi/dev/repos/Myndir/chemistry-2e/base/Ch_08/Source_File/CNX_Chem_08_02_sp3Geom.pdf	pdf	0	persistent-gstate
CNX_Chem_08_02_sp3d	/home/siggi/dev/repos/Myndir/chemistry-2e/base/Ch_08/Source_File/CNX_Chem_08_02_sp3d.pdf	pdf	0	persistent-gstate
CNX_Chem_08_02_sp3d_img	/home/siggi/dev/repos/Myndir/chemistry-2e/base/Ch_08/Source_File/CNX_Chem_08_02_sp3d_img.pdf	pdf	0	persistent-gstate
CNX_Chem_08_02_spGeom	/home/siggi/dev/repos/Myndir/chemistry-2e/base/Ch_08/Source_File/CNX_Chem_08_02_spGeom.pdf	pdf	0	persistent-gstate
CNX_Chem_08_02_sulfate_img	/home/siggi/dev/repos/Myndir/chemistry-2e/base/Ch_08/Source_File/CNX_Chem_08_02_sulfate_img.pdf	pdf	0	persistent-gstate
CNX_Chem_08_02_urea_img	/home/siggi/dev/repos/Myndir/chemistry-2e/base/Ch_08/Source_File/CNX_Chem_08_02_urea_img.pdf	pdf	0	persistent-gstate
CNX_Chem_08_02_xefluoride_img	/home/siggi/dev/repos/Myndir/chemistry-2e/base/Ch_08/Source_File/CNX_Chem_08_02_xefluoride_img.pdf	pdf	0	persistent-gstate
CNX_Chem_08_03_Acetonitri_img	/home/siggi/dev/repos/Myndir/chemistry-2e/base/Ch_08/Source_File/CNX_Chem_08_03_Acetonitri_img.pdf	pdf	0	persistent-gstate
CNX_Chem_08_03_C2H2	/home/siggi/dev/repos/Myndir/chemistry-2e/base/Ch_08/Source_File/CNX_Chem_08_03_C2H2.pdf	pdf	0	persistent-gstate
CNX_Chem_08_03_C2H4orbit	/home/siggi/dev/repos/Myndir/chemistry-2e/base/Ch_08/Source_File/CNX_Chem_08_03_C2H4orbit.pdf	pdf	0	persistent-gstate
CNX_Chem_08_03_C4H4Lewis_img	/home/siggi/dev/repos/Myndir/chemistry-2e/base/Ch_08/Source_File/CNX_Chem_08_03_C4H4Lewis_img.pdf	pdf	0	persistent-gstate
CNX_Chem_08_03_C6H6	/home/siggi/dev/repos/Myndir/chemistry-2e/base/Ch_08/Source_File/CNX_Chem_08_03_C6H6.pdf	pdf	0	persistent-gstate
CNX_Chem_08_03_HybridAll_img	/home/siggi/dev/repos/Myndir/chemistry-2e/base/Ch_08/Source_File/CNX_Chem_08_03_HybridAll_img.pdf	pdf	0	persistent-gstate
CNX_Chem_08_03_HybridCarb_img	/home/siggi/dev/repos/Myndir/chemistry-2e/base/Ch_08/Source_File/CNX_Chem_08_03_HybridCarb_img.pdf	pdf	0	persistent-gstate
CNX_Chem_08_03_HybridSulf_img	/home/siggi/dev/repos/Myndir/chemistry-2e/base/Ch_08/Source_File/CNX_Chem_08_03_HybridSulf_img.pdf	pdf	0	persistent-gstate
CNX_Chem_08_03_SO2_img	/home/siggi/dev/repos/Myndir/chemistry-2e/base/Ch_08/Source_File/CNX_Chem_08_03_SO2_img.pdf	pdf	0	persistent-gstate
CNX_Chem_08_03_sp3config	/home/siggi/dev/repos/Myndir/chemistry-2e/base/Ch_08/Source_File/CNX_Chem_08_03_sp3config.pdf	pdf	0	persistent-gstate
CNX_Chem_08_03_spC	/home/siggi/dev/repos/Myndir/chemistry-2e/base/Ch_08/Source_File/CNX_Chem_08_03_spC.pdf	pdf	0	persistent-gstate
CNX_Chem_08_04_AOtype_img	/home/siggi/dev/repos/Myndir/chemistry-2e/base/Ch_08/Source_File/CNX_Chem_08_04_AOtype_img.pdf	pdf	0	persistent-gstate
CNX_Chem_08_04_Gouy	/home/siggi/dev/repos/Myndir/chemistry-2e/base/Ch_08/Source_File/CNX_Chem_08_04_Gouy.pdf	pdf	0	persistent-gstate
CNX_Chem_08_04_O2_img	/home/siggi/dev/repos/Myndir/chemistry-2e/base/Ch_08/Source_File/CNX_Chem_08_04_O2_img.pdf	pdf	0	persistent-gstate
CNX_Chem_08_04_waveadd	/home/siggi/dev/repos/Myndir/chemistry-2e/base/Ch_08/Source_File/CNX_Chem_08_04_waveadd.pdf	pdf	0	persistent-gstate
CNX_Chem_09_01_Atmosphere	/home/siggi/dev/repos/Myndir/chemistry-2e/base/Ch_09/Source_File/CNX_Chem_09_01_Atmosphere.pdf	pdf	0	persistent-gstate
CNX_Chem_11_01_Icepack	/home/siggi/dev/repos/Myndir/chemistry-2e/base/Ch_11/Source_File/CNX_Chem_11_01_Icepack.pdf	pdf	0	persistent-gstate
CNX_Chem_11_01_solusolv	/home/siggi/dev/repos/Myndir/chemistry-2e/base/Ch_11/Source_File/CNX_Chem_11_01_solusolv.pdf	pdf	0	persistent-gstate
CNX_Chem_11_02_Fe(NO3)3_img	/home/siggi/dev/repos/Myndir/chemistry-2e/base/Ch_11/Source_File/CNX_Chem_11_02_Fe(NO3)3_img.pdf	pdf	0	persistent-gstate
CNX_Chem_11_02_H3O_CL_img	/home/siggi/dev/repos/Myndir/chemistry-2e/base/Ch_11/Source_File/CNX_Chem_11_02_H3O+CL-_img.pdf	pdf	0	persistent-gstate
CNX_Chem_11_02_ammonia1_img	/home/siggi/dev/repos/Myndir/chemistry-2e/base/Ch_11/Source_File/CNX_Chem_11_02_ammonia1_img.pdf	pdf	0	persistent-gstate
CNX_Chem_11_02_waterions	/home/siggi/dev/repos/Myndir/chemistry-2e/base/Ch_11/Source_File/CNX_Chem_11_02_waterions.pdf	pdf	0	persistent-gstate
CNX_Chem_11_03_LakeNyos	/home/siggi/dev/repos/Myndir/chemistry-2e/base/Ch_11/Source_File/CNX_Chem_11_03_LakeNyos.pdf	pdf	0	persistent-gstate
CNX_Chem_11_03_O2dissolv	/home/siggi/dev/repos/Myndir/chemistry-2e/base/Ch_11/Source_File/CNX_Chem_11_03_O2dissolv.pdf	pdf	0	persistent-gstate
CNX_Chem_11_03_gasdissolv	/home/siggi/dev/repos/Myndir/chemistry-2e/base/Ch_11/Source_File/CNX_Chem_11_03_gasdissolv.pdf	pdf	0	persistent-gstate
CNX_Chem_11_04_Ex02Steps_img	/home/siggi/dev/repos/Myndir/chemistry-2e/base/Ch_11/Source_File/CNX_Chem_11_04_Ex02Steps_img.pdf	pdf	0	persistent-gstate
CNX_Chem_11_04_LabDistill	/home/siggi/dev/repos/Myndir/chemistry-2e/base/Ch_11/Source_File/CNX_Chem_11_04_LabDistill.pdf	pdf	0	persistent-gstate
CNX_Chem_11_04_bloodcell	/home/siggi/dev/repos/Myndir/chemistry-2e/base/Ch_11/Source_File/CNX_Chem_11_04_bloodcell.pdf	pdf	0	persistent-gstate
CNX_Chem_11_04_ionpair	/home/siggi/dev/repos/Myndir/chemistry-2e/base/Ch_11/Source_File/CNX_Chem_11_04_ionpair.pdf	pdf	0	persistent-gstate
CNX_Chem_11_04_phasediag	/home/siggi/dev/repos/Myndir/chemistry-2e/base/Ch_11/Source_File/CNX_Chem_11_04_phasediag.pdf	pdf	0	persistent-gstate
CNX_Chem_11_04_refinery	/home/siggi/dev/repos/Myndir/chemistry-2e/base/Ch_11/Source_File/CNX_Chem_11_04_refinery.pdf	pdf	0	persistent-gstate
CNX_Chem_11_04_waterpur	/home/siggi/dev/repos/Myndir/chemistry-2e/base/Ch_11/Source_File/CNX_Chem_11_04_waterpur.pdf	pdf	0	persistent-gstate
CNX_Chem_11_05_Colloid	/home/siggi/dev/repos/Myndir/chemistry-2e/base/Ch_11/Source_File/CNX_Chem_11_05_Colloid.pdf	pdf	0	persistent-gstate
CNX_Chem_11_05_FredCottre	/home/siggi/dev/repos/Myndir/chemistry-2e/base/Ch_11/Source_File/CNX_Chem_11_05_FredCottre.pdf	pdf	0	persistent-gstate
CNX_Chem_11_05_detrg	/home/siggi/dev/repos/Myndir/chemistry-2e/base/Ch_11/Source_File/CNX_Chem_11_05_detrg.pdf	pdf	0	persistent-gstate
CNX_Chem_11_05_emulsoil	/home/siggi/dev/repos/Myndir/chemistry-2e/base/Ch_11/Source_File/CNX_Chem_11_05_emulsoil.pdf	pdf	0	persistent-gstate
CNX_Chem_11_05_oilspill	/home/siggi/dev/repos/Myndir/chemistry-2e/base/Ch_11/Source_File/CNX_Chem_11_05_oilspill.pdf	pdf	0	persistent-gstate
CNX_Chem_11_05_soap	/home/siggi/dev/repos/Myndir/chemistry-2e/base/Ch_11/Source_File/CNX_Chem_11_05_soap.pdf	pdf	0	persistent-gstate
CNX_Chem_13_00_Blood	/home/siggi/dev/repos/Myndir/chemistry-2e/base/Ch_13/Source_File/CNX_Chem_13_00_Blood.pdf	pdf	0	persistent-gstate
CNX_Chem_13_05_Butane_img	/home/siggi/dev/repos/Myndir/chemistry-2e/base/Ch_13/Source_File/CNX_Chem_13_05_Butane_img.pdf	pdf	0	persistent-gstate
CNX_Chem_14_01_Water_img	/home/siggi/dev/repos/Myndir/chemistry-2e/base/Ch_14/Source_File/CNX_Chem_14_01_Water_img.pdf	pdf	0	persistent-gstate
CNX_Chem_14_01_conjugate_img	/home/siggi/dev/repos/Myndir/chemistry-2e/base/Ch_14/Source_File/CNX_Chem_14_01_conjugate_img.pdf	pdf	0	persistent-gstate
CNX_Chem_14_02_phscale	/home/siggi/dev/repos/Myndir/chemistry-2e/base/Ch_14/Source_File/CNX_Chem_14_02_phscale.pdf	pdf	0	persistent-gstate
CNX_Chem_14_03_AcidpH	/home/siggi/dev/repos/Myndir/chemistry-2e/base/Ch_14/Source_File/CNX_Chem_14_03_AcidpH.pdf	pdf	0	persistent-gstate
CNX_Chem_14_03_FishLemon	/home/siggi/dev/repos/Myndir/chemistry-2e/base/Ch_14/Source_File/CNX_Chem_14_03_FishLemon.pdf	pdf	1	persistent-gstate
CNX_Chem_14_03_OHbonds_img	/home/siggi/dev/repos/Myndir/chemistry-2e/base/Ch_14/Source_File/CNX_Chem_14_03_OHbonds_img.pdf	pdf	0	persistent-gstate
CNX_Chem_14_03_Oxyacid	/home/siggi/dev/repos/Myndir/chemistry-2e/base/Ch_14/Source_File/CNX_Chem_14_03_Oxyacid.pdf	pdf	0	persistent-gstate
CNX_Chem_14_03_corresp	/home/siggi/dev/repos/Myndir/chemistry-2e/base/Ch_14/Source_File/CNX_Chem_14_03_corresp.pdf	pdf	0	persistent-gstate
CNX_Chem_14_03_strong	/home/siggi/dev/repos/Myndir/chemistry-2e/base/Ch_14/Source_File/CNX_Chem_14_03_strong.pdf	pdf	0	persistent-gstate
CNX_Chem_14_04_hydronium	/home/siggi/dev/repos/Myndir/chemistry-2e/base/Ch_14/Source_File/CNX_Chem_14_04_hydronium.pdf	pdf	0	persistent-gstate
CNX_Chem_14_05_acetic_img	/home/siggi/dev/repos/Myndir/chemistry-2e/base/Ch_14/Source_File/CNX_Chem_14_05_acetic_img.pdf	pdf	0	persistent-gstate
CNX_Chem_15_02_AlOH4_img	/home/siggi/dev/repos/Myndir/chemistry-2e/base/Ch_15/Source_File/CNX_Chem_15_02_AlOH4_img.pdf	pdf	0	persistent-gstate
CNX_Chem_15_02_Answer18a_img	/home/siggi/dev/repos/Myndir/chemistry-2e/base/Ch_15/Source_File/CNX_Chem_15_02_Answer18a_img.pdf	pdf	0	persistent-gstate
CNX_Chem_15_02_Answer18b_img	/home/siggi/dev/repos/Myndir/chemistry-2e/base/Ch_15/Source_File/CNX_Chem_15_02_Answer18b_img.pdf	pdf	0	persistent-gstate
CNX_Chem_15_02_Answer18c_img	/home/siggi/dev/repos/Myndir/chemistry-2e/base/Ch_15/Source_File/CNX_Chem_15_02_Answer18c_img.pdf	pdf	0	persistent-gstate
CNX_Chem_15_02_Answer18d_img	/home/siggi/dev/repos/Myndir/chemistry-2e/base/Ch_15/Source_File/CNX_Chem_15_02_Answer18d_img.pdf	pdf	0	persistent-gstate
CNX_Chem_15_02_Answer18e_img	/home/siggi/dev/repos/Myndir/chemistry-2e/base/Ch_15/Source_File/CNX_Chem_15_02_Answer18e_img.pdf	pdf	0	persistent-gstate
CNX_Chem_15_02_Answer24a_img	/home/siggi/dev/repos/Myndir/chemistry-2e/base/Ch_15/Source_File/CNX_Chem_15_02_Answer24a_img.pdf	pdf	0	persistent-gstate
CNX_Chem_15_02_Answer24b_img	/home/siggi/dev/repos/Myndir/chemistry-2e/base/Ch_15/Source_File/CNX_Chem_15_02_Answer24b_img.pdf	pdf	0	persistent-gstate
CNX_Chem_15_02_Answer24c_img	/home/siggi/dev/repos/Myndir/chemistry-2e/base/Ch_15/Source_File/CNX_Chem_15_02_Answer24c_img.pdf	pdf	0	persistent-gstate
CNX_Chem_15_02_Answer24d_img	/home/siggi/dev/repos/Myndir/chemistry-2e/base/Ch_15/Source_File/CNX_Chem_15_02_Answer24d_img.pdf	pdf	0	persistent-gstate
CNX_Chem_15_02_BF3-LA_img	/home/siggi/dev/repos/Myndir/chemistry-2e/base/Ch_15/Source_File/CNX_Chem_15_02_BF3-LA_img.pdf	pdf	0	persistent-gstate
CNX_Chem_15_02_CuCN2-_img	/home/siggi/dev/repos/Myndir/chemistry-2e/base/Ch_15/Source_File/CNX_Chem_15_02_CuCN2-_img.pdf	pdf	0	persistent-gstate
CNX_Chem_15_02_NH3-LBase_img	/home/siggi/dev/repos/Myndir/chemistry-2e/base/Ch_15/Source_File/CNX_Chem_15_02_NH3-LBase_img.pdf	pdf	0	persistent-gstate
CNX_Chem_15_02_NonmetalOx_img	/home/siggi/dev/repos/Myndir/chemistry-2e/base/Ch_15/Source_File/CNX_Chem_15_02_NonmetalOx_img.pdf	pdf	0	persistent-gstate
CNX_Chem_15_03_AgBr_img	/home/siggi/dev/repos/Myndir/chemistry-2e/base/Ch_15/Source_File/CNX_Chem_15_03_AgBr_img.pdf	pdf	0	persistent-gstate
CNX_Chem_16_01_carbon	/home/siggi/dev/repos/Myndir/chemistry-2e/base/Ch_16/Source_File/CNX_Chem_16_01_carbon.pdf	pdf	0	persistent-gstate
CNX_Chem_16_02_Gas	/home/siggi/dev/repos/Myndir/chemistry-2e/base/Ch_16/Source_File/CNX_Chem_16_02_Gas.pdf	pdf	0	persistent-gstate
CNX_Chem_16_02_Microstates	/home/siggi/dev/repos/Myndir/chemistry-2e/base/Ch_16/Source_File/CNX_Chem_16_02_Microstates.pdf	pdf	0	persistent-gstate
CNX_Chem_16_03_Energy	/home/siggi/dev/repos/Myndir/chemistry-2e/base/Ch_16/Source_File/CNX_Chem_16_03_Energy.pdf	pdf	0	persistent-gstate
CNX_Chem_16_03_Entropies	/home/siggi/dev/repos/Myndir/chemistry-2e/base/Ch_16/Source_File/CNX_Chem_16_03_Entropies.pdf	pdf	0	persistent-gstate
CNX_Chem_16_04_Scenarios	/home/siggi/dev/repos/Myndir/chemistry-2e/base/Ch_16/Source_File/CNX_Chem_16_04_Scenarios.pdf	pdf	0	persistent-gstate
CNX_Chem_17_04_Relation	/home/siggi/dev/repos/Myndir/chemistry-2e/base/Ch_17/Source_File/CNX_Chem_17_04_Relation.pdf	pdf	0	persistent-gstate
CNX_Chem_17_05_Lead	/home/siggi/dev/repos/Myndir/chemistry-2e/base/Ch_17/Source_File/CNX_Chem_17_05_Lead.pdf	pdf	0	persistent-gstate
CNX_Chem_17_05_LiIon	/home/siggi/dev/repos/Myndir/chemistry-2e/base/Ch_17/Source_File/CNX_Chem_17_05_LiIon.pdf	pdf	0	persistent-gstate
CNX_Chem_18_02_Boricacid_img	/home/siggi/dev/repos/Myndir/chemistry-2e/base/Ch_18/Source_File/CNX_Chem_18_02_Boricacid_img.pdf	pdf	0	persistent-gstate
CNX_Chem_18_02_HallHerCell	/home/siggi/dev/repos/Myndir/chemistry-2e/base/Ch_18/Source_File/CNX_Chem_18_02_HallHerCell.pdf	pdf	0	persistent-gstate
CNX_Chem_18_03_BorateAnio	/home/siggi/dev/repos/Myndir/chemistry-2e/base/Ch_18/Source_File/CNX_Chem_18_03_BorateAnio.pdf	pdf	0	persistent-gstate
CNX_Chem_18_03_Structures	/home/siggi/dev/repos/Myndir/chemistry-2e/base/Ch_18/Source_File/CNX_Chem_18_03_Structures.pdf	pdf	0	persistent-gstate
CNX_Chem_18_04_Carbonform	/home/siggi/dev/repos/Myndir/chemistry-2e/base/Ch_18/Source_File/CNX_Chem_18_04_CarbonForm.pdf	pdf	0	persistent-gstate
CNX_Chem_18_04_Phosphorus	/home/siggi/dev/repos/Myndir/chemistry-2e/base/Ch_18/Source_File/CNX_Chem_18_04_Phosphorus.pdf	pdf	0	persistent-gstate
CNX_Chem_18_04_Sulfrchain	/home/siggi/dev/repos/Myndir/chemistry-2e/base/Ch_18/Source_File/CNX_Chem_18_04_Sulfrchain.pdf	pdf	0	persistent-gstate
CNX_Chem_18_05_Electrolys	/home/siggi/dev/repos/Myndir/chemistry-2e/base/Ch_18/Source_File/CNX_Chem_18_05_electrolys.pdf	pdf	0	persistent-gstate
CNX_Chem_18_06_Cave	/home/siggi/dev/repos/Myndir/chemistry-2e/base/Ch_18/Source_File/CNX_Chem_18_06_Cave.pdf	pdf	0	persistent-gstate
CNX_Chem_18_07_Exercise1a_img	/home/siggi/dev/repos/Myndir/chemistry-2e/base/Ch_18/Source_File/CNX_Chem_18_07_Exercise1a_img.pdf	pdf	0	persistent-gstate
CNX_Chem_18_07_Exercise1b_img	/home/siggi/dev/repos/Myndir/chemistry-2e/base/Ch_18/Source_File/CNX_Chem_18_07_Exercise1b_img.pdf	pdf	0	persistent-gstate
CNX_Chem_18_07_Exercise1c_img	/home/siggi/dev/repos/Myndir/chemistry-2e/base/Ch_18/Source_File/CNX_Chem_18_07_Exercise1c_img.pdf	pdf	0	persistent-gstate
CNX_Chem_18_07_Exercise1d_img	/home/siggi/dev/repos/Myndir/chemistry-2e/base/Ch_18/Source_File/CNX_Chem_18_07_Exercise1d_img.pdf	pdf	0	persistent-gstate
CNX_Chem_18_07_Exercise1e_img	/home/siggi/dev/repos/Myndir/chemistry-2e/base/Ch_18/Source_File/CNX_Chem_18_07_Exercise1e_img.pdf	pdf	0	persistent-gstate
CNX_Chem_18_07_Exercise5a_img	/home/siggi/dev/repos/Myndir/chemistry-2e/base/Ch_18/Source_File/CNX_Chem_18_07_Exercise5a_img.pdf	pdf	0	persistent-gstate
CNX_Chem_18_07_Exercise5b_img	/home/siggi/dev/repos/Myndir/chemistry-2e/base/Ch_18/Source_File/CNX_Chem_18_07_Exercise5b_img.pdf	pdf	0	persistent-gstate
CNX_Chem_18_07_Exercise5c_img	/home/siggi/dev/repos/Myndir/chemistry-2e/base/Ch_18/Source_File/CNX_Chem_18_07_Exercise5c_img.pdf	pdf	0	persistent-gstate
CNX_Chem_18_07_N2O5	/home/siggi/dev/repos/Myndir/chemistry-2e/base/Ch_18/Source_File/CNX_Chem_18_07_N2O5.pdf	pdf	0	persistent-gstate
CNX_Chem_18_08_Exercise1a_img	/home/siggi/dev/repos/Myndir/chemistry-2e/base/Ch_18/Source_File/CNX_Chem_18_08_Exercise1a_img.pdf	pdf	0	persistent-gstate
CNX_Chem_18_08_Exercise1b_img	/home/siggi/dev/repos/Myndir/chemistry-2e/base/Ch_18/Source_File/CNX_Chem_18_08_Exercise1b_img.pdf	pdf	0	persistent-gstate
CNX_Chem_18_08_Exercise1c_img	/home/siggi/dev/repos/Myndir/chemistry-2e/base/Ch_18/Source_File/CNX_Chem_18_08_Exercise1c_img.pdf	pdf	0	persistent-gstate
CNX_Chem_18_08_Exercise1d_img	/home/siggi/dev/repos/Myndir/chemistry-2e/base/Ch_18/Source_File/CNX_Chem_18_08_Exercise1d_img.pdf	pdf	0	persistent-gstate
CNX_Chem_18_08_Exercise1e_img	/home/siggi/dev/repos/Myndir/chemistry-2e/base/Ch_18/Source_File/CNX_Chem_18_08_Exercise1e_img.pdf	pdf	0	persistent-gstate
CNX_Chem_18_08_Exercise8a_img	/home/siggi/dev/repos/Myndir/chemistry-2e/base/Ch_18/Source_File/CNX_chem_18_08_Exercise8a_img.pdf	pdf	0	persistent-gstate
CNX_Chem_18_08_Exercise8b_img	/home/siggi/dev/repos/Myndir/chemistry-2e/base/Ch_18/Source_File/CNX_chem_18_08_Exercise8b_img.pdf	pdf	0	persistent-gstate
CNX_Chem_18_08_Exercise8c_img	/home/siggi/dev/repos/Myndir/chemistry-2e/base/Ch_18/Source_File/CNX_chem_18_08_Exercise8c_img.pdf	pdf	0	persistent-gstate
CNX_Chem_18_08_Exercise8d_img	/home/siggi/dev/repos/Myndir/chemistry-2e/base/Ch_18/Source_File/CNX_chem_18_08_Exercise8d_img.pdf	pdf	0	persistent-gstate
CNX_Chem_18_09_ChloritIon	/home/siggi/dev/repos/Myndir/chemistry-2e/base/Ch_18/Source_File/CNX_Chem_18_09_ChloritIon.pdf	pdf	0	persistent-gstate
CNX_Chem_18_09_ClO3Ion	/home/siggi/dev/repos/Myndir/chemistry-2e/base/Ch_18/Source_File/CNX_Chem_18_09_ClO3Ion.pdf	pdf	0	persistent-gstate
CNX_Chem_18_11_Exercise4a_img	/home/siggi/dev/repos/Myndir/chemistry-2e/base/Ch_18/Source_File/CNX_Chem_18_11_Exercise4a_img.pdf	pdf	0	persistent-gstate
CNX_Chem_18_11_Exercise4b_img	/home/siggi/dev/repos/Myndir/chemistry-2e/base/Ch_18/Source_File/CNX_Chem_18_11_Exercise4b_img.pdf	pdf	0	persistent-gstate
CNX_Chem_18_11_Exercise4c_img	/home/siggi/dev/repos/Myndir/chemistry-2e/base/Ch_18/Source_File/CNX_Chem_18_11_Exercise4c_img.pdf	pdf	0	persistent-gstate
CNX_Chem_18_11_Exercise4d_img	/home/siggi/dev/repos/Myndir/chemistry-2e/base/Ch_18/Source_File/CNX_Chem_18_11_Exercise4d_img.pdf	pdf	0	persistent-gstate
CNX_Chem_18_11_Exercise4e_img	/home/siggi/dev/repos/Myndir/chemistry-2e/base/Ch_18/Source_File/CNX_Chem_18_11_Exercise4e_img.pdf	pdf	0	persistent-gstate
CNX_Chem_19_01_PeriodicEConfig	/home/siggi/dev/repos/Myndir/chemistry-2e/base/Ch_19/Source_File/CNX_Chem_19_01_PeriodicEConfig.pdf	pdf	0	persistent-gstate
CNX_Chem_19_02_4geom	/home/siggi/dev/repos/Myndir/chemistry-2e/base/Ch_19/Source_File/CNX_Chem_19_02_4geom.pdf	pdf	0	persistent-gstate
CNX_Chem_19_02_Answer4a_img	/home/siggi/dev/repos/Myndir/chemistry-2e/base/Ch_19/Source_File/CNX_Chem_19_02_Answer4a_img.pdf	pdf	0	persistent-gstate
CNX_Chem_19_02_Answer4b_img	/home/siggi/dev/repos/Myndir/chemistry-2e/base/Ch_19/Source_File/CNX_Chem_19_02_Answer4b_img.pdf	pdf	0	persistent-gstate
CNX_Chem_19_02_Answer4c_img	/home/siggi/dev/repos/Myndir/chemistry-2e/base/Ch_19/Source_File/CNX_Chem_19_02_Answer4c_img.pdf	pdf	0	persistent-gstate
CNX_Chem_19_02_Answer4d_img	/home/siggi/dev/repos/Myndir/chemistry-2e/base/Ch_19/Source_File/CNX_Chem_19_02_Answer4d_img.pdf	pdf	0	persistent-gstate
CNX_Chem_19_02_Answer4e_img	/home/siggi/dev/repos/Myndir/chemistry-2e/base/Ch_19/Source_File/CNX_Chem_19_02_Answer4e_img.pdf	pdf	0	persistent-gstate
CNX_Chem_19_02_Answer4f_img	/home/siggi/dev/repos/Myndir/chemistry-2e/base/Ch_19/Source_File/CNX_Chem_19_02_Answer4f_img.pdf	pdf	0	persistent-gstate
CNX_Chem_19_02_BalEnt	/home/siggi/dev/repos/Myndir/chemistry-2e/base/Ch_19/Source_File/CNX_Chem_19_02_BalEnt.pdf	pdf	0	persistent-gstate
CNX_Chem_19_02_BondType	/home/siggi/dev/repos/Myndir/chemistry-2e/base/Ch_19/Source_File/CNX_Chem_19_02_BondType.pdf	pdf	0	persistent-gstate
CNX_Chem_19_02_CN	/home/siggi/dev/repos/Myndir/chemistry-2e/base/Ch_19/Source_File/CNX_Chem_19_02_CN.pdf	pdf	0	persistent-gstate
CNX_Chem_19_02_ChlorBlue	/home/siggi/dev/repos/Myndir/chemistry-2e/base/Ch_19/Source_File/CNX_Chem_19_02_ChlorBlue.pdf	pdf	0	persistent-gstate
CNX_Chem_19_02_Coen2Cl2	/home/siggi/dev/repos/Myndir/chemistry-2e/base/Ch_19/Source_File/CNX_Chem_19_02_Coen2Cl2.pdf	pdf	0	persistent-gstate
CNX_Chem_19_02_DMSA	/home/siggi/dev/repos/Myndir/chemistry-2e/base/Ch_19/Source_File/CNX_Chem_19_02_DMSA.pdf	pdf	0	persistent-gstate
CNX_Chem_19_02_EDTA	/home/siggi/dev/repos/Myndir/chemistry-2e/base/Ch_19/Source_File/CNX_Chem_19_02_EDTA.pdf	pdf	0	persistent-gstate
CNX_Chem_19_02_Gly	/home/siggi/dev/repos/Myndir/chemistry-2e/base/Ch_19/Source_File/CNX_Chem_19_02_Gly.pdf	pdf	0	persistent-gstate
CNX_Chem_19_02_H2O2Br2	/home/siggi/dev/repos/Myndir/chemistry-2e/base/Ch_19/Source_File/CNX_Chem_19_02_H2O2Br2.pdf	pdf	0	persistent-gstate
CNX_Chem_19_02_cistrans	/home/siggi/dev/repos/Myndir/chemistry-2e/base/Ch_19/Source_File/CNX_Chem_19_02_cistrans.pdf	pdf	0	persistent-gstate
CNX_Chem_19_02_en	/home/siggi/dev/repos/Myndir/chemistry-2e/base/Ch_19/Source_File/CNX_Chem_19_02_en.pdf	pdf	0	persistent-gstate
CNX_Chem_19_02_enant	/home/siggi/dev/repos/Myndir/chemistry-2e/base/Ch_19/Source_File/CNX_Chem_19_02_enant.pdf	pdf	0	persistent-gstate
CNX_Chem_19_02_ex10ans_img	/home/siggi/dev/repos/Myndir/chemistry-2e/base/Ch_19/Source_File/CNX_Chem_19_02_ex10ans_img.pdf	pdf	0	persistent-gstate
CNX_Chem_19_02_heme	/home/siggi/dev/repos/Myndir/chemistry-2e/base/Ch_19/Source_File/CNX_Chem_19_02_heme.pdf	pdf	0	persistent-gstate
CNX_Chem_19_02_oct	/home/siggi/dev/repos/Myndir/chemistry-2e/base/Ch_19/Source_File/CNX_Chem_19_02_oct.pdf	pdf	0	persistent-gstate
CNX_Chem_19_02_structures	/home/siggi/dev/repos/Myndir/chemistry-2e/base/Ch_19/Source_File/CNX_Chem_19_02_structures.pdf	pdf	0	persistent-gstate
CNX_Chem_19_02_transplatin	/home/siggi/dev/repos/Myndir/chemistry-2e/base/Ch_19/Source_File/CNX_Chem_19_02_transplatin.pdf	pdf	0	persistent-gstate
CNX_Chem_19_03_CFSE	/home/siggi/dev/repos/Myndir/chemistry-2e/base/Ch_19/Source_File/CNX_Chem_19_03_CFSE.pdf	pdf	0	persistent-gstate
CNX_Chem_19_03_FECN6FEH2O_img	/home/siggi/dev/repos/Myndir/chemistry-2e/base/Ch_19/Source_File/CNX_Chem_19_03_FECN6FEH2O_img.pdf	pdf	0	persistent-gstate
CNX_Chem_19_03_Lightper	/home/siggi/dev/repos/Myndir/chemistry-2e/base/Ch_19/Source_File/CNX_Chem_19_03_lightper.pdf	pdf	0	persistent-gstate
CNX_Chem_19_03_Lowhigh	/home/siggi/dev/repos/Myndir/chemistry-2e/base/Ch_19/Source_File/CNX_Chem_19_03_lowhigh.pdf	pdf	0	persistent-gstate
CNX_Chem_20_01_AromatIso1_img	/home/siggi/dev/repos/Myndir/chemistry-2e/base/Ch_20/Source_File/CNX_Chem_20_01_AromatIso1_img.pdf	pdf	0	persistent-gstate
CNX_Chem_20_01_AromatIso2_img	/home/siggi/dev/repos/Myndir/chemistry-2e/base/Ch_20/Source_File/CNX_Chem_20_01_AromatIso2_img.pdf	pdf	0	persistent-gstate
CNX_Chem_20_01_AromatIso3_img	/home/siggi/dev/repos/Myndir/chemistry-2e/base/Ch_20/Source_File/CNX_Chem_20_01_AromatIso3_img.pdf	pdf	0	persistent-gstate
CNX_Chem_20_01_GeomHybr1_img	/home/siggi/dev/repos/Myndir/chemistry-2e/base/Ch_20/Source_File/CNX_Chem_20_01_GeomHybr1_img.pdf	pdf	0	persistent-gstate
CNX_Chem_20_01_HalAlkane2_img	/home/siggi/dev/repos/Myndir/chemistry-2e/base/Ch_20/Source_File/CNX_Chem_20_01_HalAlkane2_img.pdf	pdf	0	persistent-gstate
CNX_Chem_20_01_HalAlkane3_img	/home/siggi/dev/repos/Myndir/chemistry-2e/base/Ch_20/Source_File/CNX_Chem_20_01_HalAlkane3_img.pdf	pdf	0	persistent-gstate
CNX_Chem_20_01_HalAlkane_img	/home/siggi/dev/repos/Myndir/chemistry-2e/base/Ch_20/Source_File/CNX_Chem_20_01_HalAlkane_img.pdf	pdf	0	persistent-gstate
CNX_Chem_20_01_HaloReact2_img	/home/siggi/dev/repos/Myndir/chemistry-2e/base/Ch_20/Source_File/CNX_Chem_20_01_HaloReact2_img.pdf	pdf	0	persistent-gstate
CNX_Chem_20_01_HaloReact_img	/home/siggi/dev/repos/Myndir/chemistry-2e/base/Ch_20/Source_File/CNX_Chem_20_01_HaloReact_img.pdf	pdf	0	persistent-gstate
CNX_Chem_20_01_HybrBAngl_img	/home/siggi/dev/repos/Myndir/chemistry-2e/base/Ch_20/Source_File/CNX_Chem_20_01_HybrBAngl_img.pdf	pdf	0	persistent-gstate
CNX_Chem_20_01_LineStruct1	/home/siggi/dev/repos/Myndir/chemistry-2e/base/Ch_20/Source_File/CNX_Chem_20_01_LineStruct1.pdf	pdf	0	persistent-gstate
CNX_Chem_20_01_LineStruct2_img	/home/siggi/dev/repos/Myndir/chemistry-2e/base/Ch_20/Source_File/CNX_Chem_20_01_LineStruct2_img.pdf	pdf	0	persistent-gstate
CNX_Chem_20_01_LineStruct3_img	/home/siggi/dev/repos/Myndir/chemistry-2e/base/Ch_20/Source_File/CNX_Chem_20_01_LineStruct3_img.pdf	pdf	0	persistent-gstate
CNX_Chem_20_01_LineStruct4_img	/home/siggi/dev/repos/Myndir/chemistry-2e/base/Ch_20/Source_File/CNX_Chem_20_01_LineStruct4_img.pdf	pdf	0	persistent-gstate
CNX_Chem_20_01_LineStruct5_img	/home/siggi/dev/repos/Myndir/chemistry-2e/base/Ch_20/Source_File/CNX_Chem_20_01_LineStruct5_img.pdf	pdf	0	persistent-gstate
CNX_Chem_20_01_LineStruct7_img	/home/siggi/dev/repos/Myndir/chemistry-2e/base/Ch_20/Source_File/CNX_Chem_20_01_LineStruct7_img.pdf	pdf	0	persistent-gstate
CNX_Chem_20_01_ReactProd1_img	/home/siggi/dev/repos/Myndir/chemistry-2e/base/Ch_20/Source_File/CNX_Chem_20_01_ReactProd1_img.pdf	pdf	0	persistent-gstate
CNX_Chem_20_01_acetylene_img	/home/siggi/dev/repos/Myndir/chemistry-2e/base/Ch_20/Source_File/CNX_Chem_20_01_acetylene_img.pdf	pdf	0	persistent-gstate
CNX_Chem_20_01_alkanes	/home/siggi/dev/repos/Myndir/chemistry-2e/base/Ch_20/Source_File/CNX_Chem_20_01_alkanes.pdf	pdf	0	persistent-gstate
CNX_Chem_20_01_alkenes_img	/home/siggi/dev/repos/Myndir/chemistry-2e/base/Ch_20/Source_File/CNX_Chem_20_01_alkenes_img.pdf	pdf	0	persistent-gstate
CNX_Chem_20_01_alklnm_img	/home/siggi/dev/repos/Myndir/chemistry-2e/base/Ch_20/Source_File/CNX_Chem_20_01_alklnm_img.pdf	pdf	0	persistent-gstate
CNX_Chem_20_01_alkyl_img	/home/siggi/dev/repos/Myndir/chemistry-2e/base/Ch_20/Source_File/CNX_Chem_20_01_alkyl_img.pdf	pdf	0	persistent-gstate
CNX_Chem_20_01_alkyls	/home/siggi/dev/repos/Myndir/chemistry-2e/base/Ch_20/Source_File/CNX_Chem_20_01_alkyls.pdf	pdf	0	persistent-gstate
CNX_Chem_20_01_alkyne_img	/home/siggi/dev/repos/Myndir/chemistry-2e/base/Ch_20/Source_File/CNX_Chem_20_01_alkyne_img.pdf	pdf	0	persistent-gstate
CNX_Chem_20_01_aromatic_img	/home/siggi/dev/repos/Myndir/chemistry-2e/base/Ch_20/Source_File/CNX_Chem_20_01_aromatic_img.pdf	pdf	0	persistent-gstate
CNX_Chem_20_01_benzene	/home/siggi/dev/repos/Myndir/chemistry-2e/base/Ch_20/Source_File/CNX_Chem_20_01_benzene.pdf	pdf	0	persistent-gstate
CNX_Chem_20_01_butaneIsom_img	/home/siggi/dev/repos/Myndir/chemistry-2e/base/Ch_20/Source_File/CNX_Chem_20_01_butaneIsom_img.pdf	pdf	0	persistent-gstate
CNX_Chem_20_01_butane_img	/home/siggi/dev/repos/Myndir/chemistry-2e/base/Ch_20/Source_File/CNX_Chem_20_01_butane_img.pdf	pdf	0	persistent-gstate
CNX_Chem_20_01_ethylChlor_img	/home/siggi/dev/repos/Myndir/chemistry-2e/base/Ch_20/Source_File/CNX_Chem_20_01_ethylChlor_img.pdf	pdf	0	persistent-gstate
CNX_Chem_20_01_ex1_11_c_img	/home/siggi/dev/repos/Myndir/chemistry-2e/base/Ch_20/Source_File/CNX_Chem_20_01_ex1_11_c_img.pdf	pdf	0	persistent-gstate
CNX_Chem_20_01_ex1_11_e_img	/home/siggi/dev/repos/Myndir/chemistry-2e/base/Ch_20/Source_File/CNX_Chem_20_01_ex1_11_e_img.pdf	pdf	0	persistent-gstate
CNX_Chem_20_01_ex1_11_f_img	/home/siggi/dev/repos/Myndir/chemistry-2e/base/Ch_20/Source_File/CNX_Chem_20_01_ex1_11_f_img.pdf	pdf	0	persistent-gstate
CNX_Chem_20_01_ex1_12_c_img	/home/siggi/dev/repos/Myndir/chemistry-2e/base/Ch_20/Source_File/CNX_Chem_20_01_ex1_12_c_img.pdf	pdf	0	persistent-gstate
CNX_Chem_20_01_ex1_12_e_img	/home/siggi/dev/repos/Myndir/chemistry-2e/base/Ch_20/Source_File/CNX_Chem_20_01_ex1_12_e_img.pdf	pdf	0	persistent-gstate
CNX_Chem_20_01_ex1_14_img	/home/siggi/dev/repos/Myndir/chemistry-2e/base/Ch_20/Source_File/CNX_Chem_20_01_ex1_14_img.pdf	pdf	0	persistent-gstate
CNX_Chem_20_01_ex1_16_img	/home/siggi/dev/repos/Myndir/chemistry-2e/base/Ch_20/Source_File/CNX_Chem_20_01_ex1_16_img.pdf	pdf	0	persistent-gstate
CNX_Chem_20_01_ex1_18a_img	/home/siggi/dev/repos/Myndir/chemistry-2e/base/Ch_20/Source_File/CNX_Chem_20_01_ex1_18a_img.pdf	pdf	0	persistent-gstate
CNX_Chem_20_01_ex1_18b_img	/home/siggi/dev/repos/Myndir/chemistry-2e/base/Ch_20/Source_File/CNX_Chem_20_01_ex1_18b_img.pdf	pdf	0	persistent-gstate
CNX_Chem_20_01_ex1_1a_img	/home/siggi/dev/repos/Myndir/chemistry-2e/base/Ch_20/Source_File/CNX_Chem_20_01_ex1_1a_img.pdf	pdf	0	persistent-gstate
CNX_Chem_20_01_ex1_1b_img	/home/siggi/dev/repos/Myndir/chemistry-2e/base/Ch_20/Source_File/CNX_Chem_20_01_ex1_1b_img.pdf	pdf	0	persistent-gstate
CNX_Chem_20_01_ex1_1c_img	/home/siggi/dev/repos/Myndir/chemistry-2e/base/Ch_20/Source_File/CNX_Chem_20_01_ex1_1c_img.pdf	pdf	0	persistent-gstate
CNX_Chem_20_01_ex1_20_img	/home/siggi/dev/repos/Myndir/chemistry-2e/base/Ch_20/Source_File/CNX_Chem_20_01_ex1_20_img.pdf	pdf	0	persistent-gstate
CNX_Chem_20_01_ex1_21_img	/home/siggi/dev/repos/Myndir/chemistry-2e/base/Ch_20/Source_File/CNX_Chem_20_01_ex1_21_img.pdf	pdf	0	persistent-gstate
CNX_Chem_20_01_ex1_23_img	/home/siggi/dev/repos/Myndir/chemistry-2e/base/Ch_20/Source_File/CNX_Chem_20_01_ex1_23_img.pdf	pdf	0	persistent-gstate
CNX_Chem_20_01_geoIsomers_img	/home/siggi/dev/repos/Myndir/chemistry-2e/base/Ch_20/Source_File/CNX_Chem_20_01_geoIsomers_img.pdf	pdf	0	persistent-gstate
CNX_Chem_20_01_halogen_img	/home/siggi/dev/repos/Myndir/chemistry-2e/base/Ch_20/Source_File/CNX_Chem_20_01_halogen_img.pdf	pdf	0	persistent-gstate
CNX_Chem_20_01_hexane_a_img	/home/siggi/dev/repos/Myndir/chemistry-2e/base/Ch_20/Source_File/CNX_Chem_20_01_hexane_a_img.pdf	pdf	0	persistent-gstate
CNX_Chem_20_01_hexane_b_img	/home/siggi/dev/repos/Myndir/chemistry-2e/base/Ch_20/Source_File/CNX_Chem_20_01_hexane_b_img.pdf	pdf	0	persistent-gstate
CNX_Chem_20_01_hexane_c_img	/home/siggi/dev/repos/Myndir/chemistry-2e/base/Ch_20/Source_File/CNX_Chem_20_01_hexane_c_img.pdf	pdf	0	persistent-gstate
CNX_Chem_20_01_hexane_d_img	/home/siggi/dev/repos/Myndir/chemistry-2e/base/Ch_20/Source_File/CNX_Chem_20_01_hexane_d_img.pdf	pdf	0	persistent-gstate
CNX_Chem_20_01_hexane_e_img	/home/siggi/dev/repos/Myndir/chemistry-2e/base/Ch_20/Source_File/CNX_Chem_20_01_hexane_e_img.pdf	pdf	0	persistent-gstate
CNX_Chem_20_01_hexane_f_img	/home/siggi/dev/repos/Myndir/chemistry-2e/base/Ch_20/Source_File/CNX_Chem_20_01_hexane_f_img.pdf	pdf	0	persistent-gstate
CNX_Chem_20_01_monomer	/home/siggi/dev/repos/Myndir/chemistry-2e/base/Ch_20/Source_File/CNX_Chem_20_01_monomer.pdf	pdf	0	persistent-gstate
CNX_Chem_20_01_notiso1_img	/home/siggi/dev/repos/Myndir/chemistry-2e/base/Ch_20/Source_File/CNX_Chem_20_01_notiso1_img.pdf	pdf	0	persistent-gstate
CNX_Chem_20_01_notiso2_img	/home/siggi/dev/repos/Myndir/chemistry-2e/base/Ch_20/Source_File/CNX_Chem_20_01_notiso2_img.pdf	pdf	0	persistent-gstate
CNX_Chem_20_01_octane1_img	/home/siggi/dev/repos/Myndir/chemistry-2e/base/Ch_20/Source_File/CNX_Chem_20_01_octane1_img.pdf	pdf	0	persistent-gstate
CNX_Chem_20_01_octane2_img	/home/siggi/dev/repos/Myndir/chemistry-2e/base/Ch_20/Source_File/CNX_Chem_20_01_octane2_img.pdf	pdf	0	persistent-gstate
CNX_Chem_20_01_propane_img	/home/siggi/dev/repos/Myndir/chemistry-2e/base/Ch_20/Source_File/CNX_Chem_20_01_propane_img.pdf	pdf	0	persistent-gstate
CNX_Chem_20_01_propene1	/home/siggi/dev/repos/Myndir/chemistry-2e/base/Ch_20/Source_File/CNX_Chem_20_01_propene1.pdf	pdf	0	persistent-gstate
CNX_Chem_20_01_recycle	/home/siggi/dev/repos/Myndir/chemistry-2e/base/Ch_20/Source_File/CNX_Chem_20_01_recycle.pdf	pdf	0	persistent-gstate
CNX_Chem_20_01_subbenzene_img	/home/siggi/dev/repos/Myndir/chemistry-2e/base/Ch_20/Source_File/CNX_Chem_20_01_subbenzene_img.pdf	pdf	0	persistent-gstate
CNX_Chem_20_01_substitu_img	/home/siggi/dev/repos/Myndir/chemistry-2e/base/Ch_20/Source_File/CNX_Chem_20_01_substitu_img.pdf	pdf	0	persistent-gstate
CNX_Chem_20_02_Exercise3a_img	/home/siggi/dev/repos/Myndir/chemistry-2e/base/Ch_20/Source_File/CNX_Chem_20_02_Exercise3a_img.pdf	pdf	0	persistent-gstate
CNX_Chem_20_02_Exercise3b_img	/home/siggi/dev/repos/Myndir/chemistry-2e/base/Ch_20/Source_File/CNX_Chem_20_02_Exercise3b_img.pdf	pdf	0	persistent-gstate
CNX_Chem_20_02_Exercise3c_img	/home/siggi/dev/repos/Myndir/chemistry-2e/base/Ch_20/Source_File/CNX_Chem_20_02_Exercise3c_img.pdf	pdf	0	persistent-gstate
CNX_Chem_20_02_Exercise4a_img	/home/siggi/dev/repos/Myndir/chemistry-2e/base/Ch_20/Source_File/CNX_Chem_20_02_Exercise4a_img.pdf	pdf	0	persistent-gstate
CNX_Chem_20_02_Exercise4b_img	/home/siggi/dev/repos/Myndir/chemistry-2e/base/Ch_20/Source_File/CNX_Chem_20_02_Exercise4b_img.pdf	pdf	0	persistent-gstate
CNX_Chem_20_02_Exercise4c_img	/home/siggi/dev/repos/Myndir/chemistry-2e/base/Ch_20/Source_File/CNX_Chem_20_02_Exercise4c_img.pdf	pdf	0	persistent-gstate
CNX_Chem_20_02_FunctGroup_img	/home/siggi/dev/repos/Myndir/chemistry-2e/base/Ch_20/Source_File/CNX_Chem_20_02_FunctGroup_img.pdf	pdf	0	persistent-gstate
CNX_Chem_20_02_MTBE_img	/home/siggi/dev/repos/Myndir/chemistry-2e/base/Ch_20/Source_File/CNX_Chem_20_02_MTBE_img.pdf	pdf	0	persistent-gstate
CNX_Chem_20_02_NameEthers_img	/home/siggi/dev/repos/Myndir/chemistry-2e/base/Ch_20/Source_File/CNX_Chem_20_02_NameEthers_img.pdf	pdf	0	persistent-gstate
CNX_Chem_20_02_alcohol1_img	/home/siggi/dev/repos/Myndir/chemistry-2e/base/Ch_20/Source_File/CNX_Chem_20_02_alcohol1_img.pdf	pdf	0	persistent-gstate
CNX_Chem_20_02_alcohol2_img	/home/siggi/dev/repos/Myndir/chemistry-2e/base/Ch_20/Source_File/CNX_Chem_20_02_alcohol2_img.pdf	pdf	0	persistent-gstate
CNX_Chem_20_02_ethanol_img	/home/siggi/dev/repos/Myndir/chemistry-2e/base/Ch_20/Source_File/CNX_Chem_20_02_ethanol_img.pdf	pdf	0	persistent-gstate
CNX_Chem_20_02_ether_img	/home/siggi/dev/repos/Myndir/chemistry-2e/base/Ch_20/Source_File/CNX_Chem_20_02_ether_img.pdf	pdf	0	persistent-gstate
CNX_Chem_20_02_ethers1_img	/home/siggi/dev/repos/Myndir/chemistry-2e/base/Ch_20/Source_File/CNX_Chem_20_02_ethers1_img.pdf	pdf	0	persistent-gstate
CNX_Chem_20_02_ethers2_img	/home/siggi/dev/repos/Myndir/chemistry-2e/base/Ch_20/Source_File/CNX_Chem_20_02_ethers2_img.pdf	pdf	0	persistent-gstate
CNX_Chem_20_02_ferment_img	/home/siggi/dev/repos/Myndir/chemistry-2e/base/Ch_20/Source_File/CNX_Chem_20_02_ferment_img.pdf	pdf	0	persistent-gstate
CNX_Chem_20_02_polyols_img	/home/siggi/dev/repos/Myndir/chemistry-2e/base/Ch_20/Source_File/CNX_Chem_20_02_polyols_img.pdf	pdf	0	persistent-gstate
CNX_Chem_20_02_sugars	/home/siggi/dev/repos/Myndir/chemistry-2e/base/Ch_20/Source_File/CNX_Chem_20_02_sugars.pdf	pdf	0	persistent-gstate
CNX_Chem_20_03_COgeom_img	/home/siggi/dev/repos/Myndir/chemistry-2e/base/Ch_20/Source_File/CNX_Chem_20_03_COgeom_img.pdf	pdf	0	persistent-gstate
CNX_Chem_20_03_CarboxEst1_img	/home/siggi/dev/repos/Myndir/chemistry-2e/base/Ch_20/Source_File/CNX_Chem_20_03_CarboxEst1_img.pdf	pdf	0	persistent-gstate
CNX_Chem_20_03_CarboxEst2_img	/home/siggi/dev/repos/Myndir/chemistry-2e/base/Ch_20/Source_File/CNX_Chem_20_03_CarboxEst2_img.pdf	pdf	0	persistent-gstate
CNX_Chem_20_03_OxiOrder_img	/home/siggi/dev/repos/Myndir/chemistry-2e/base/Ch_20/Source_File/CNX_Chem_20_03_OxiOrder_img.pdf	pdf	0	persistent-gstate
CNX_Chem_20_03_OxiProd1a_a_img	/home/siggi/dev/repos/Myndir/chemistry-2e/base/Ch_20/Source_File/CNX_Chem_20_03_OxiProd1a_a_img.pdf	pdf	0	persistent-gstate
CNX_Chem_20_03_OxiProd1a_b_img	/home/siggi/dev/repos/Myndir/chemistry-2e/base/Ch_20/Source_File/CNX_Chem_20_03_OxiProd1a_b_img.pdf	pdf	0	persistent-gstate
CNX_Chem_20_03_OxiProd1a_c_img	/home/siggi/dev/repos/Myndir/chemistry-2e/base/Ch_20/Source_File/CNX_Chem_20_03_OxiProd1a_c_img.pdf	pdf	0	persistent-gstate
CNX_Chem_20_03_OxiProd1b_a_img	/home/siggi/dev/repos/Myndir/chemistry-2e/base/Ch_20/Source_File/CNX_Chem_20_03_OxiProd1b_a_img.pdf	pdf	0	persistent-gstate
CNX_Chem_20_03_OxiProd1b_b_img	/home/siggi/dev/repos/Myndir/chemistry-2e/base/Ch_20/Source_File/CNX_Chem_20_03_OxiProd1b_b_img.pdf	pdf	0	persistent-gstate
CNX_Chem_20_03_OxiProd1b_c_img	/home/siggi/dev/repos/Myndir/chemistry-2e/base/Ch_20/Source_File/CNX_Chem_20_03_OxiProd1b_c_img.pdf	pdf	0	persistent-gstate
CNX_Chem_20_03_OxiRedu_img	/home/siggi/dev/repos/Myndir/chemistry-2e/base/Ch_20/Source_File/CNX_Chem_20_03_OxiRedu_img.pdf	pdf	0	persistent-gstate
CNX_Chem_20_03_ReduProd1a_a_img	/home/siggi/dev/repos/Myndir/chemistry-2e/base/Ch_20/Source_File/CNX_Chem_20_03_ReduProd1a_a_img.pdf	pdf	0	persistent-gstate
CNX_Chem_20_03_ReduProd1a_b_img	/home/siggi/dev/repos/Myndir/chemistry-2e/base/Ch_20/Source_File/CNX_Chem_20_03_ReduProd1a_b_img.pdf	pdf	0	persistent-gstate
CNX_Chem_20_03_ReduProd1a_c_img	/home/siggi/dev/repos/Myndir/chemistry-2e/base/Ch_20/Source_File/CNX_Chem_20_03_ReduProd1a_c_img.pdf	pdf	0	persistent-gstate
CNX_Chem_20_03_acetate_img	/home/siggi/dev/repos/Myndir/chemistry-2e/base/Ch_20/Source_File/CNX_Chem_20_03_acetate_img.pdf	pdf	0	persistent-gstate
CNX_Chem_20_03_alcoholABC_img	/home/siggi/dev/repos/Myndir/chemistry-2e/base/Ch_20/Source_File/CNX_Chem_20_03_alcoholABC_img.pdf	pdf	0	persistent-gstate
CNX_Chem_20_03_aldehyde_img	/home/siggi/dev/repos/Myndir/chemistry-2e/base/Ch_20/Source_File/CNX_Chem_20_03_aldehyde_img.pdf	pdf	0	persistent-gstate
CNX_Chem_20_03_aldket_img	/home/siggi/dev/repos/Myndir/chemistry-2e/base/Ch_20/Source_File/CNX_Chem_20_03_aldket_img.pdf	pdf	0	persistent-gstate
CNX_Chem_20_03_carbonyl_img	/home/siggi/dev/repos/Myndir/chemistry-2e/base/Ch_20/Source_File/CNX_Chem_20_03_carbonyl_img.pdf	pdf	0	persistent-gstate
CNX_Chem_20_03_carboxylic_img	/home/siggi/dev/repos/Myndir/chemistry-2e/base/Ch_20/Source_File/CNX_Chem_20_03_carboxylic_img.pdf	pdf	0	persistent-gstate
CNX_Chem_20_03_esterform_img	/home/siggi/dev/repos/Myndir/chemistry-2e/base/Ch_20/Source_File/CNX_Chem_20_03_esterform_img.pdf	pdf	0	persistent-gstate
CNX_Chem_20_03_oxaldehyde_img	/home/siggi/dev/repos/Myndir/chemistry-2e/base/Ch_20/Source_File/CNX_Chem_20_03_oxaldehyde_img.pdf	pdf	0	persistent-gstate
CNX_Chem_20_03_oxidation_img	/home/siggi/dev/repos/Myndir/chemistry-2e/base/Ch_20/Source_File/CNX_Chem_20_03_oxidation_img.pdf	pdf	0	persistent-gstate
CNX_Chem_20_03_oxketone_img	/home/siggi/dev/repos/Myndir/chemistry-2e/base/Ch_20/Source_File/CNX_Chem_20_03_oxketone_img.pdf	pdf	0	persistent-gstate
CNX_Chem_20_03_oxtoacid_img	/home/siggi/dev/repos/Myndir/chemistry-2e/base/Ch_20/Source_File/CNX_Chem_20_03_oxtoacid_img.pdf	pdf	0	persistent-gstate
CNX_Chem_20_04_DNA	/home/siggi/dev/repos/Myndir/chemistry-2e/base/Ch_20/Source_File/CNX_Chem_20_04_DNA.pdf	pdf	0	persistent-gstate
CNX_Chem_20_04_alkaloids_img	/home/siggi/dev/repos/Myndir/chemistry-2e/base/Ch_20/Source_File/CNX_Chem_20_04_alkaloids_img.pdf	pdf	0	persistent-gstate
CNX_Chem_20_04_amide1_img	/home/siggi/dev/repos/Myndir/chemistry-2e/base/Ch_20/Source_File/CNX_Chem_20_04_amide1_img.pdf	pdf	0	persistent-gstate
CNX_Chem_20_04_amide2_img	/home/siggi/dev/repos/Myndir/chemistry-2e/base/Ch_20/Source_File/CNX_Chem_20_04_amide2_img.pdf	pdf	0	persistent-gstate
CNX_Chem_20_04_amines_img	/home/siggi/dev/repos/Myndir/chemistry-2e/base/Ch_20/Source_File/CNX_Chem_20_04_amines_img.pdf	pdf	0	persistent-gstate
CNX_Chem_20_04_ammonia_img	/home/siggi/dev/repos/Myndir/chemistry-2e/base/Ch_20/Source_File/CNX_Chem_20_04_ammonia_img.pdf	pdf	0	persistent-gstate
CNX_Chem_20_04_kevlar1	/home/siggi/dev/repos/Myndir/chemistry-2e/base/Ch_20/Source_File/CNX_Chem_20_04_kevlar1.pdf	pdf	0	persistent-gstate
CNX_Chem_20_04_kevlar2	/home/siggi/dev/repos/Myndir/chemistry-2e/base/Ch_20/Source_File/CNX_Chem_20_04_kevlar2.pdf	pdf	0	persistent-gstate
CNX_Chem_20_04_kevpoly	/home/siggi/dev/repos/Myndir/chemistry-2e/base/Ch_20/Source_File/CNX_Chem_20_04_kevpoly.pdf	pdf	0	persistent-gstate
CNX_Chem_20_04_peptide	/home/siggi/dev/repos/Myndir/chemistry-2e/base/Ch_20/Source_File/CNX_Chem_20_04_peptide.pdf	pdf	0	persistent-gstate
CNX_Chem_20_04_pyridine_img	/home/siggi/dev/repos/Myndir/chemistry-2e/base/Ch_20/Source_File/CNX_Chem_20_04_pyridine_img.pdf	pdf	0	persistent-gstate
CNX_Chem_20_04_pyridinium_img	/home/siggi/dev/repos/Myndir/chemistry-2e/base/Ch_20/Source_File/CNX_Chem_20_04_pyridinium_img.pdf	pdf	0	persistent-gstate
CNX_Chem_20_04_react2a_img	/home/siggi/dev/repos/Myndir/chemistry-2e/base/Ch_20/Source_File/CNX_Chem_20_04_react2a_img.pdf	pdf	0	persistent-gstate
CNX_Chem_20_04_react2b_img	/home/siggi/dev/repos/Myndir/chemistry-2e/base/Ch_20/Source_File/CNX_Chem_20_04_react2b_img.pdf	pdf	0	persistent-gstate
CNX_Chem_20_04_react2c_img	/home/siggi/dev/repos/Myndir/chemistry-2e/base/Ch_20/Source_File/CNX_Chem_20_04_react2c_img.pdf	pdf	0	persistent-gstate
CNX_Chem_20_04_react2e_img	/home/siggi/dev/repos/Myndir/chemistry-2e/base/Ch_20/Source_File/CNX_Chem_20_04_react2e_img.pdf	pdf	0	persistent-gstate
CNX_Chem_20_04_reaction1b_img	/home/siggi/dev/repos/Myndir/chemistry-2e/base/Ch_20/Source_File/CNX_Chem_20_04_reaction1b_img.pdf	pdf	0	persistent-gstate
CNX_Chem_20_04_reaction1c_img	/home/siggi/dev/repos/Myndir/chemistry-2e/base/Ch_20/Source_File/CNX_Chem_20_04_reaction1c_img.pdf	pdf	0	persistent-gstate
CNX_Chem_20_04_reaction1f_img	/home/siggi/dev/repos/Myndir/chemistry-2e/base/Ch_20/Source_File/CNX_Chem_20_04_reaction1f_img.pdf	pdf	0	persistent-gstate
CNX_Chem_21_01_BandStable	/home/siggi/dev/repos/Myndir/chemistry-2e/base/Ch_21/Source_File/CNX_Chem_21_01_BandStable.pdf	pdf	0	persistent-gstate
CNX_Chem_21_01_BindEnergy	/home/siggi/dev/repos/Myndir/chemistry-2e/base/Ch_21/Source_File/CNX_Chem_21_01_BindEnergy.pdf	pdf	0	persistent-gstate
CNX_Chem_21_03_Radiation	/home/siggi/dev/repos/Myndir/chemistry-2e/base/Ch_21/Source_File/CNX_Chem_21_03_Radiation.pdf	pdf	0	persistent-gstate
CNX_Chem_21_04_ChnReact1	/home/siggi/dev/repos/Myndir/chemistry-2e/base/Ch_21/Source_File/CNX_Chem_21_04_ChnReact1.pdf	pdf	0	persistent-gstate
CNX_Chem_21_04_CritMass	/home/siggi/dev/repos/Myndir/chemistry-2e/base/Ch_21/Source_File/CNX_Chem_21_04_CritMass.pdf	pdf	0	persistent-gstate
CNX_Chem_21_05_Co60Decay	/home/siggi/dev/repos/Myndir/chemistry-2e/base/Ch_21/Source_File/CNX_Chem_21_05_Co60Decay.pdf	pdf	0	persistent-gstate
CNX_Chem_21_05_SmokeAlarm	/home/siggi/dev/repos/Myndir/chemistry-2e/base/Ch_21/Source_File/CNX_Chem_21_05_SmokeAlarm.pdf	pdf	0	persistent-gstate
CNX_Chem_21_06_Damage1	/home/siggi/dev/repos/Myndir/chemistry-2e/base/Ch_21/Source_File/CNX_Chem_21_06_Damage1.pdf	pdf	0	persistent-gstate
CNX_Chem_21_06_Damage2	/home/siggi/dev/repos/Myndir/chemistry-2e/base/Ch_21/Source_File/CNX_Chem_21_06_Damage2.pdf	pdf	0	persistent-gstate
CNX_Chem_21_06_Exposure2	/home/siggi/dev/repos/Myndir/chemistry-2e/base/Ch_21/Source_File/CNX_Chem_21_06_Exposure2.pdf	pdf	0	persistent-gstate
CNX_Chem_21_06_IonRadSpec	/home/siggi/dev/repos/Myndir/chemistry-2e/base/Ch_21/Source_File/CNX_Chem_21_06_IonRadSpec.pdf	pdf	0	persistent-gstate
