group	basename	artwork	status	blocks_sha256	blocks	sendable	glyphRepairs	glyphUnrepaired
bought	CNX_Chem_03_01_alsulfatemass_img	/home/siggi/dev/repos/Myndir/chemistry-2e/base/Ch_03/Source_File/CNX_Chem_03_01_alsulfatemass_img.pdf	ok	e41193e1aef1d2af4e9ab4eb924334f1ad81a50dc732db4ebe7f3c4f1871d862	24	5	[]	[]
bought	CNX_Chem_03_01_aspirin	/home/siggi/dev/repos/Myndir/chemistry-2e/selected-art/OSX_Chem2e_Ch03_SourceFiles/CNX_Chem_03_01_aspirin.eps	ok	3d4c55ce4401b8d4ec1d4c142343afb7f9d14a6d9de5b324be4feb4350886db8	24	5	[]	[]
bought	CNX_Chem_03_01_brain-ec0b	/home/siggi/dev/repos/Myndir/chemistry-2e/base/Ch_03/Source_File/CNX_Chem_03_01_brain.pdf	ok	788c9d0055b58515f1a7405251a9e7752188c106abdfe93626919117978b9989	3	1	[]	[]
bought	CNX_Chem_03_01_chloroform	/home/siggi/dev/repos/Myndir/chemistry-2e/base/Ch_03/Source_File/CNX_Chem_03_01_chloroform.pdf	ok	c954d79212d3606dacde299eebcd7a340f9cbb4f358ea24dd4cbf130902d4e1e	24	5	[]	[]
bought	CNX_Chem_03_01_exocytosis-88f6	/home/siggi/dev/repos/Myndir/chemistry-2e/base/Ch_03/Source_File/CNX_Chem_03_01_exocytosis.pdf	ok	465f864d25bc7465518f65eedd6dd295546cee4fd2ebd22be8995818c69c8881	7	5	[]	[]
bought	CNX_Chem_03_01_glycinemass_img	/home/siggi/dev/repos/Myndir/chemistry-2e/base/Ch_03/Source_File/CNX_Chem_03_01_glycinemass_img.pdf	ok	2f61148bbd69d4f286f34613edb68eaaa71e970ee64f5f435c628cc26b9d1ead	30	5	[]	[]
bought	CNX_Chem_03_01_saltMass	/home/siggi/dev/repos/Myndir/chemistry-2e/base/Ch_03/Source_File/CNX_Chem_03_01_saltMass.pdf	ok	678c1eb1257d59a8ebde0fe8fdec5c5bfb30c861665e61babe58e4bbb34771fd	18	5	[]	[]
bought	CNX_Chem_03_02_argon_img-9025	/home/siggi/dev/repos/Myndir/chemistry-2e/selected-art/OSX_Chem2e_Color Contrast Modified/OSX_Chem_2e_Ch03_Color Contrast_Modified_SourceFiles/CNX_Chem_03_02_argon_img.eps	ok	d858ab5875afe11fc53dc564bd96a5f22c5d453d6b0f14ec93b183ed355c884e	3	3	[]	[]
bought	CNX_Chem_03_02_copperMoles_img-a962	/home/siggi/dev/repos/Myndir/chemistry-2e/selected-art/OSX_Chem2e_Color Contrast Modified/OSX_Chem_2e_Ch03_Color Contrast_Modified_SourceFiles/CNX_Chem_03_02_copperMoles_img.eps	ok	482c54b4c107d5d4d2af1a6a4839f6908bbd4ab1651cfc1151914ec665d5e427	5	5	[]	[]
bought	CNX_Chem_03_02_glycine_img-7c96	/home/siggi/dev/repos/Myndir/chemistry-2e/selected-art/OSX_Chem2e_Color Contrast Modified/OSX_Chem_2e_Ch03_Color Contrast_Modified_SourceFiles/CNX_Chem_03_02_glycine_img.eps	ok	ecba36336e27ebbeb7338be3756bc42d7b5fdc0ac121f3b8e8060c285fafbb27	3	3	[]	[]
bought	CNX_Chem_03_02_potassium_img-f1d1	/home/siggi/dev/repos/Myndir/chemistry-2e/selected-art/OSX_Chem2e_Color Contrast Modified/OSX_Chem_2e_Ch03_Color Contrast_Modified_SourceFiles/CNX_Chem_03_02_potassium_img.eps	ok	a2fb7527dc1a7aa2befc0037c74931e33be0e7cfe7f12f68115564921bfbde2d	3	3	[]	[]
bought	CNX_Chem_03_02_sacch_img-3278	/home/siggi/dev/repos/Myndir/chemistry-2e/selected-art/OSX_Chem2e_Color Contrast Modified/OSX_Chem_2e_Ch03_Color Contrast_Modified_SourceFiles/CNX_Chem_03_02_sacch_img.eps	ok	19c0fcda40dc0209f03e9f352352bb07e9b34b2a1c136bf2fed71b5ae76d04cd	5	5	[]	[]
bought	CNX_Chem_03_02_vitC_img-e537	/home/siggi/dev/repos/Myndir/chemistry-2e/selected-art/OSX_Chem2e_Color Contrast Modified/OSX_Chem_2e_Ch03_Color Contrast_Modified_SourceFiles/CNX_Chem_03_02_vitC_img.eps	ok	3e4d6c6fe4e2826e5d3216b533388d31f016bb3993361923ba530ffc29cedd1e	3	3	[]	[]
bought	CNX_Chem_03_03_empform	/home/siggi/dev/repos/Myndir/chemistry-2e/base/Ch_03/Source_File/CNX_Chem_03_03_empform.pdf	ok	9f16d3bb993949d392cce7abe81834c476696c562b76c22e577f498cce2f2d33	10	10	[]	[]
bought	CNX_Chem_03_05_Example2_img	/home/siggi/dev/repos/Myndir/chemistry-2e/selected-art/OSX_Chem2e_Color Contrast Modified/OSX_Chem_2e_Ch03_Color Contrast_Modified_SourceFiles/CNX_Chem_03_05_Example2_img.eps	ok	13e3a7ea454586e0668fb8c3da03fb0bd817ae719185259f267ecc211b0bad18	5	5	[]	[]
bought	CNX_Chem_04_01_basehyd_img	/home/siggi/dev/repos/Myndir/chemistry-2e/base/Ch_04/Source_File/CNX_Chem_04_01_basehyd_img.pdf	ok	4af0b9521f383a14270aab0dd8a7bb784368ba7780ed46f133836f26eb1e60db	26	1	[]	[]
bought	CNX_Chem_04_01_rxn2	/home/siggi/dev/repos/Myndir/chemistry-2e/base/Ch_04/Source_File/CNX_Chem_04_01_rxn2.pdf	ok	bb6ebf09990a6412e63a364d2b1b58c9e0e9147ccc99cf7e72ed49ca821b60aa	16	8	[]	[]
bought	CNX_Chem_04_01_rxn3	/home/siggi/dev/repos/Myndir/chemistry-2e/base/Ch_04/Source_File/CNX_Chem_04_01_rxn3.pdf	ok	71d7d7c84af858da2b27f01ffb59589f5d0f0796c3fab9cceff4f0bd80cb4b86	2	2	[]	[]
bought	CNX_Chem_04_02_HClsoln	/home/siggi/dev/repos/Myndir/chemistry-2e/base/Ch_04/Source_File/CNX_Chem_04_02_HClsoln.pdf	ok	4a82217342c87b72c30dd2bad7e20760cc4bc5773129d456914339b132b95feb	9	3	[]	[]
bought	CNX_Chem_04_03_etheneBr_img	/home/siggi/dev/repos/Myndir/chemistry-2e/base/Ch_04/Source_File/CNX_Chem_04_03_etheneBr_img.pdf	ok	7b4d6bd3d85bdae0cd57a1051c3e5a16a3d9b3c6388fd04e474dbd9b1e62ad2d	17	3	[]	[]
bought	CNX_Chem_04_03_ethene_img	/home/siggi/dev/repos/Myndir/chemistry-2e/base/Ch_04/Source_File/CNX_Chem_04_03_ethene_img.pdf	ok	139bba6afb54f12796251a26570dee6690da0bd11c61f06d3b60c5e214a248ce	18	2	[]	[]
bought	CNX_Chem_04_03_flowchart	/home/siggi/dev/repos/Myndir/chemistry-2e/base/Ch_04/Source_File/CNX_Chem_04_03_flowchart.pdf	ok	23193a84fce24c74b61403c29d156d3b39abc33f2bf080d12be3c99e6e53c461	19	19	[]	[]
bought	CNX_Chem_04_03_map2_img	/home/siggi/dev/repos/Myndir/chemistry-2e/selected-art/OSX_Chem2e_Color Contrast Modified/OSX_Chem_2e_Ch04_Color Contrast_Modified_SourceFiles/CNX_Chem_04_03_map2_img.eps	ok	d8133a9da10e9d06771f4836a50fb69dcf97ae529ad4e88367e38a89960cc54d	7	7	[]	[]
bought	CNX_Chem_04_03_map3_img	/home/siggi/dev/repos/Myndir/chemistry-2e/selected-art/OSX_Chem2e_Color Contrast Modified/OSX_Chem_2e_Ch04_Color Contrast_Modified_SourceFiles/CNX_Chem_04_03_map3_img.eps	ok	4b3fc95155a2016650472c235b049f969407def68114a220d387c7bd6321769f	7	7	[]	[]
bought	CNX_Chem_04_03_moleratio1_img	/home/siggi/dev/repos/Myndir/chemistry-2e/selected-art/OSX_Chem2e_Color Contrast Modified/OSX_Chem_2e_Ch04_Color Contrast_Modified_SourceFiles/CNX_Chem_04_03_moleratio1_img.eps	ok	47552d51ccc78dd5fae73b1f0773e16469b68ac7c3ecbbb492791101af73cbda	3	3	[]	[]
bought	CNX_Chem_04_03_moleratio2_img	/home/siggi/dev/repos/Myndir/chemistry-2e/selected-art/OSX_Chem2e_Color Contrast Modified/OSX_Chem_2e_Ch04_Color Contrast_Modified_SourceFiles/CNX_Chem_04_03_moleratio2_img.eps	ok	b9574bca9681c226c12c7653026f128731e13951419ec9d9f509e6ec8017a716	5	5	[]	[]
bought	CNX_Chem_04_04_GreenChem	/home/siggi/dev/repos/Myndir/chemistry-2e/base/Ch_04/Source_File/CNX_Chem_04_04_GreenChem.pdf	ok	e2cbe2641e18f3b30886f9fc75cb1dff3924f4bf8bac84c9080e6064913bcea8	10	1	[]	[]
bought	CNX_Chem_04_04_limiting	/home/siggi/dev/repos/Myndir/chemistry-2e/base/Ch_04/Source_File/CNX_Chem_04_04_limiting.pdf	ok	4a8ab9ca4c38cadf1d9a45e50726983fccec4797056060ede18328b63d4a753b	4	4	[]	[]
bought	CNX_Chem_04_04_sandwich	/home/siggi/dev/repos/Myndir/chemistry-2e/base/Ch_04/Source_File/CNX_Chem_04_04_sandwich.pdf	ok	3f03d3bd956cb9b36c43528a6425ed1f3c194f5b6375ec4ef94886354d8ae09b	7	7	[]	[]
bought	CNX_Chem_04_05_combmap_img	/home/siggi/dev/repos/Myndir/chemistry-2e/selected-art/OSX_Chem2e_Color Contrast Modified/OSX_Chem_2e_Ch04_Color Contrast_Modified_SourceFiles/CNX_Chem_04_05_combmap_img.eps	ok	c55c27f25171360bf027772ca18dbeff9f1874a58df4ed2ce9bf51f9e9f1eb9d	15	15	[]	[]
bought	CNX_Chem_04_05_combustion	/home/siggi/dev/repos/Myndir/chemistry-2e/base/Ch_04/Source_File/CNX_Chem_04_05_combustion.pdf	ok	656881fd2ef598be4880abdfe84eec89ad0dd9897358d93632ac03998f602bba	7	6	[]	[]
bought	CNX_Chem_04_05_map7_img	/home/siggi/dev/repos/Myndir/chemistry-2e/selected-art/OSX_Chem2e_Color Contrast Modified/OSX_Chem_2e_Ch04_Color Contrast_Modified_SourceFiles/CNX_Chem_04_05_map7_img.eps	ok	1b02f210cbacb48c5de08f2aa52cb39691480cae4dfe3c5ace2e6907ba71a470	7	7	[]	[]
bought	CNX_Chem_04_05_map8_img	/home/siggi/dev/repos/Myndir/chemistry-2e/selected-art/OSX_Chem2e_Color Contrast Modified/OSX_Chem_2e_Ch04_Color Contrast_Modified_SourceFiles/CNX_Chem_04_05_map8_img.eps	ok	fc090a75c745c972e4a33ac7233b798a10d9e221a0a30571147652dd7f107088	9	9	[]	[]
bought	CNX_Chem_14_03_FishLemon	/home/siggi/dev/repos/Myndir/chemistry-2e/base/Ch_14/Source_File/CNX_Chem_14_03_FishLemon.pdf	ok	25721d89ffb04d14519175e080069ea2e1dd90bafd441e63d2f5a66fe7c97dc8	12	6	[]	[]
hazard	CNX_Chem_10_01_PentIso	/home/siggi/dev/repos/Myndir/chemistry-2e/base/Ch_10/Source_Files/CNX_Chem_10_01_PentIso.eps	ok	058d44237951a5333c16400c122ee29846f6461c94a6df24c60f90d08579332d	6	6	[{"glyph": "H11034", "to": "°", "count": 3}]	[]
hazard	CNX_Chem_09_02_Amontons2	/home/siggi/dev/repos/Myndir/chemistry-2e/selected-art/OSX_Chem2e_Ch09_SourceFiles/CNX_Chem_09_02_Amontons2.eps	ok	f4f0c1cecb4b90cb18d267d39f904ebdc2747e54f50edcd1f76cbceb6cbe7852	30	5	[{"glyph": "H11002", "to": "−", "count": 2}]	[]
hazard	CNX_Chem_11_04_rvosmosis	-	refused:production-page	-	-	-	-	-
hazard	CNX_Chem_18_07_N2O5	/home/siggi/dev/repos/Myndir/chemistry-2e/base/Ch_18/Source_File/CNX_Chem_18_07_N2O5.eps	ok	016ebb469d0852a3d62bb216caf3b9b1c4a406f75d74ac4ced924eda5a5c0702	7	0	[]	[]
