figure	variant	comparison	tol_hot_tiles	tol_strong	strong	size_delta
CNX_Chem_02_05_PerTable2	notext	vector firefox (today)	68	0.04586	0.04586	[0, 0]
CNX_Chem_02_05_PerTable2	notext	raster chromium (after)	0	0.00000	0.00000	[0, 0]
CNX_Chem_02_05_PerTable2	notext	raster firefox (after)	0	0.00000	0.00000	[0, 0]
CNX_Chem_06_03_Electrnin	notext	vector firefox (today)	16	0.00496	0.00501	[0, 0]
CNX_Chem_06_03_Electrnin	notext	raster chromium (after)	0	0.00091	0.00534	[0, 0]
CNX_Chem_06_03_Electrnin	notext	raster firefox (after)	0	0.00005	0.00142	[0, 0]
CNX_Chem_11_04_phasediag	notext	vector firefox (today)	35	0.02152	0.02152	[0, 0]
CNX_Chem_11_04_phasediag	notext	raster chromium (after)	0	0.00008	0.00065	[0, 0]
CNX_Chem_11_04_phasediag	notext	raster firefox (after)	0	0.00000	0.00011	[0, 0]
CNX_Chem_11_04_RaoultLaw	notext	vector firefox (today)	493	0.21988	0.21988	[0, 0]
CNX_Chem_11_04_RaoultLaw	notext	raster chromium (after)	0	0.00001	0.00025	[0, 0]
CNX_Chem_11_04_RaoultLaw	notext	raster firefox (after)	0	0.00001	0.00017	[0, 0]
CNX_Chem_02_05_PerTable2	full	vector firefox (today)	72	0.05163	0.05848	[0, 0]
CNX_Chem_02_05_PerTable2	full	raster chromium (after)	0	0.00000	0.00000	[0, 0]
CNX_Chem_02_05_PerTable2	full	raster firefox (after)	1	0.00464	0.00970	[0, 0]
CNX_Chem_06_03_Electrnin	full	vector firefox (today)	17	0.00663	0.00739	[0, 0]
CNX_Chem_06_03_Electrnin	full	raster chromium (after)	0	0.00091	0.00534	[0, 0]
CNX_Chem_06_03_Electrnin	full	raster firefox (after)	1	0.00171	0.00380	[0, 0]
CNX_Chem_11_04_phasediag	full	vector firefox (today)	38	0.02861	0.03314	[0, 0]
CNX_Chem_11_04_phasediag	full	raster chromium (after)	0	0.00007	0.00065	[0, 0]
CNX_Chem_11_04_phasediag	full	raster firefox (after)	3	0.00671	0.01112	[0, 0]
CNX_Chem_11_04_RaoultLaw	full	vector firefox (today)	493	0.22096	0.22169	[0, 0]
CNX_Chem_11_04_RaoultLaw	full	raster chromium (after)	0	0.00001	0.00025	[0, 0]
CNX_Chem_11_04_RaoultLaw	full	raster firefox (after)	0	0.00108	0.00198	[0, 0]
