id	kind	feimage	status	tol_hot_tiles	tol_tile_max	tol_strong	strong	ink_ratio
ctl-plain	control	0	rendered	0	0.0	0.0	7e-05	1.001
ctl-mix-blend	control	0	rendered	0	0.0	0.0	0.0	1.0
ctl-feimage	control	0	rendered	116	1.0	0.56924	0.56924	0.0
ctl-blend-chain	control	0	rendered	112	1.0	0.48479	0.48479	0.0
CNX_Chem_20_01_LineStruct8_img	figure	0	rendered	0	0.0	0.0	0.0	1.0
CNX_Chem_20_01_LineStruct6_img	figure	0	rendered	0	0.0	0.0	0.0	1.0
CNX_Chem_07_03_Lewisstruct1_img	figure	0	rendered	0	0.0	0.0	0.00038	0.875
CNX_Chem_00_HH_chemform4_img	figure	0	rendered	0	0.0	0.0	0.0	1.0
CNX_Chem_00_HH_chemform3_img	figure	0	rendered	0	0.0	0.0	0.0	1.0
CNX_Chem_00_HH_chemform7_img	figure	0	rendered	0	0.0	0.0	0.0	1.0
CNX_Chem_00_HH_chemform9_img	figure	0	rendered	0	0.0	0.0	0.0	1.0
CNX_Chem_20_03_carbonyl_img	figure	0	rendered	0	0.0	0.0	0.0	0.983
CNX_Chem_00_HH_chemform2_img	figure	0	rendered	0	0.0	0.0	0.0	1.0
CNX_Chem_00_HH_chemform1_img	figure	0	rendered	0	0.0	0.0	0.0	1.0
CNX_Chem_08_02_enyne_img	figure	0	rendered	0	0.0	0.0	0.0	1.0
CNX_Chem_02_04_Question3b_img	figure	0	rendered	0	0.0	0.0	0.0	0.993
CNX_Chem_03_01_Ex01_07a_img	figure	0	rendered	0	0.0	0.0	0.00107	0.979
CNX_Chem_03_01_Ex01_05a_img	figure	0	rendered	0	0.0	0.0	0.0	0.993
CNX_Chem_03_01_Ex01_05b_img	figure	0	rendered	0	0.0	0.0	0.0	1.0
CNX_Chem_20_01_ex1_11_c_img	figure	0	rendered	0	0.0	0.0	0.0	1.0
CNX_Chem_20_01_ex1_12_c_img	figure	0	rendered	0	0.0	0.0	0.0	1.0
CNX_Chem_18_08_Exercise1a_img	figure	0	rendered	0	0.0	0.0	0.0	1.0
CNX_Chem_07_03_Question5_img	figure	0	rendered	0	0.0208	0.00214	0.00427	1.006
CNX_Chem_07_04_Ques13ansc_img	figure	0	rendered	0	0.0	0.0	0.0	0.975
CNX_Chem_08_03_C4H4Lewis_img	figure	0	rendered	0	0.0	0.0	0.0	0.994
CNX_Chem_18_08_Exercise1b_img	figure	0	rendered	0	0.0	0.0	0.0	0.998
CNX_Chem_07_03_Question7g_img	figure	0	rendered	0	0.0	0.0	0.0	1.0
CNX_Chem_20_03_OxiRedu2_img	figure	0	rendered	0	0.0	0.0	0.0	1.0
CNX_Chem_07_06_CS3c_img	figure	0	rendered	0	0.0	0.0	0.0	0.984
CNX_Chem_02_04_Question3c_img	figure	0	rendered	0	0.0	0.0	0.0	1.006
CNX_Chem_03_01_Ex01_07b_img	figure	0	rendered	0	0.0	0.0	0.0	1.081
CNX_Chem_20_02_ethers2_img	figure	0	rendered	0	0.0	0.0	0.0	1.0
CNX_Chem_02_04_Question3d_img	figure	0	rendered	0	0.0	0.0	0.0	1.118
CNX_Chem_20_02_Exercise3a_img	figure	0	rendered	0	0.0	0.0	0.0	1.0
CNX_Chem_07_03_Question1b_img	figure	0	rendered	0	0.0	0.0	0.0	0.955
CNX_Chem_07_03_Question7f_img	figure	0	rendered	0	0.0	0.0	0.0	1.0
CNX_Chem_20_02_NameEthers_img	figure	0	rendered	0	0.0	0.0	0.0	0.976
CNX_Chem_20_01_ex1_18a_img	figure	0	rendered	0	0.0	0.0	0.0	0.988
CNX_Chem_02_04_Question4d_img	figure	0	rendered	0	0.0	0.0	0.0	1.0
CNX_Chem_03_01_Ex01_07c_img	figure	0	rendered	0	0.0	0.0	0.0	1.0
CNX_Chem_20_02_Exercise4c_img	figure	0	rendered	0	0.0	0.0	0.0	1.0
CNX_Chem_20_03_OxiProd1b_a_img	figure	0	rendered	0	0.0	0.0	0.0	1.079
CNX_Chem_20_03_OxiProd1b_b_img	figure	0	rendered	0	0.0	0.0	0.0	1.026
CNX_Chem_03_01_Ex01_05c_img	figure	0	rendered	0	0.0	0.0	0.0	0.988
CNX_Chem_20_02_ethers1_img	figure	0	rendered	0	0.0	0.0	0.0	1.0
CNX_Chem_18_07_Exercise1c_img	figure	0	rendered	0	0.0	0.0	0.0	1.003
CNX_Chem_20_03_OxiProd1b_c_img	figure	0	rendered	0	0.0	0.0	0.0	0.974
CNX_Chem_20_03_ReduProd1a_c_img	figure	0	rendered	0	0.0	0.0	0.0	0.982
CNX_Chem_20_03_ReduProd1a_a_img	figure	0	rendered	0	0.0	0.0	0.0	1.0
CNX_Chem_08_02_SF4_img	figure	0	rendered	0	0.0	0.0	9e-05	1.0
CNX_Chem_07_03_nitrosoni3_img	figure	0	rendered	0	0.1667	0.00676	0.00797	0.968
CNX_Chem_08_04_O2_img	figure	0	rendered	0	0.0	0.0	0.0	1.0
CNX_Chem_07_03_Question1d_img	figure	0	rendered	0	0.0	0.0	0.0	0.97
CNX_Chem_20_01_benzene	figure	0	rendered	0	0.0	0.0	0.0	0.998
CNX_Chem_20_03_ReduProd1a_b_img	figure	0	rendered	0	0.0486	0.00054	0.00081	1.003
CNX_Chem_20_01_ex1_11_f_img	figure	0	rendered	0	0.0	0.0	0.0	0.995
CNX_Chem_02_04_Question7a_img	figure	0	rendered	0	0.0	0.0	0.0	0.885
CNX_Chem_07_03_Question1g_img	figure	0	rendered	0	0.0	0.0	0.0	0.985
CNX_Chem_07_03_Exercise3f_img	figure	0	rendered	0	0.0278	0.0015	0.00406	0.984
CNX_Chem_02_04_Question4c_img	figure	0	rendered	0	0.0	0.0	0.0	1.0
CNX_Chem_03_01_Ex01_06c_img	figure	0	rendered	0	0.0	0.0	0.0	1.0
CNX_Chem_03_01_Ex01_06a_img	figure	0	rendered	0	0.0	0.0	0.0	1.023
CNX_Chem_18_08_Exercise1c_img	figure	0	rendered	0	0.0	0.0	0.0	1.005
CNX_Chem_19_02_transplatin	figure	0	rendered	0	0.0	0.0	0.0	0.987
CNX_Chem_20_03_OxiProd1a_b_img	figure	0	rendered	0	0.0	0.0	0.0	1.0
CNX_Chem_02_04_Question9a_img	figure	0	rendered	0	0.0	0.0	0.0	0.989
CNX_Chem_02_04_Question9b_img	figure	0	rendered	0	0.0	0.0	0.0	1.0
CNX_Chem_20_02_Exercise4b_img	figure	0	rendered	0	0.0	0.0	0.0	1.0
CNX_Chem_20_01_ex1_11_e_img	figure	0	rendered	0	0.0	0.0	0.0	0.894
CNX_Chem_07_03_Question1a_img	figure	0	rendered	0	0.0	0.0	0.0	1.0
CNX_Chem_20_01_alkyne_img	figure	0	rendered	0	0.0069	0.00031	0.00031	0.99
CNX_Chem_07_03_Exercise25_img	figure	0	rendered	0	0.0	0.0	0.0	1.0
CNX_Chem_18_07_Exercise1a_img	figure	0	rendered	0	0.0	0.0	0.0	1.0
CNX_Chem_20_01_ex1_12_e_img	figure	0	rendered	0	0.0	0.0	0.0	0.772
CNX_Chem_07_03_Exercise3d_img	figure	0	rendered	0	0.0278	0.0015	0.00406	0.984
CNX_Chem_19_02_Answer4c_img	figure	0	rendered	0	0.0	0.0	0.0	1.008
CNX_Chem_07_03_Exercise3e_img	figure	0	rendered	0	0.0278	0.0015	0.00406	0.984
CNX_Chem_20_03_OxiProd1a_c_img	figure	0	rendered	0	0.0069	6e-05	0.0005	0.955
CNX_Chem_20_03_OxiProd1a_a_img	figure	0	rendered	0	0.0	0.0	0.0	1.006
CNX_Chem_19_02_Answer4d_img	figure	0	rendered	0	0.0	0.0	0.0	1.018
CNX_Chem_20_01_GeomHybr1_img	figure	0	rendered	0	0.0069	0.00056	0.00112	0.984
CNX_Chem_08_02_phsphorus1_img	figure	0	rendered	0	0.0	0.0	0.0	0.997
CNX_Chem_20_02_Exercise4a_img	figure	0	rendered	0	0.0069	0.00038	0.00269	0.983
CNX_Chem_07_03_Exercise3b_img	figure	0	rendered	0	0.0	0.0	0.00256	0.97
CNX_Chem_20_01_HaloReact2_img	figure	0	rendered	0	0.0	0.0	0.0	1.0
CNX_Chem_02_04_Question4b_img	figure	0	rendered	0	0.0	0.0	0.0	1.0
CNX_Chem_07_03_Exercise3c_img	figure	0	rendered	0	0.0139	0.00064	0.00299	0.938
CNX_Chem_07_03_Exercise3a_img	figure	0	rendered	0	0.0	0.0	0.00256	0.97
CNX_Chem_03_01_Ex01_06b_img	figure	0	rendered	0	0.0	0.0	0.0	1.086
CNX_Chem_20_02_alcohol2_img	figure	0	rendered	0	0.0	0.0	0.00024	1.0
CNX_Chem_07_04_Ques13ansb_img	figure	0	rendered	0	0.0	0.0	0.0	1.0
CNX_Chem_20_03_oxketone_img	figure	0	rendered	0	0.0	0.0	0.0	1.0
CNX_Chem_15_02_CuCN2-_img	figure	0	rendered	0	0.0	0.0	0.0	1.074
CNX_Chem_08_01_C4H6_img	figure	0	rendered	0	0.0	0.0	0.0	1.0
CNX_Chem_07_06_CS3b_img	figure	0	rendered	0	0.0	0.0	0.0	0.989
CNX_Chem_02_04_Question4a_img	figure	0	rendered	0	0.0	0.0	0.0	1.003
CNX_Chem_20_02_Exercise3b_img	figure	0	rendered	0	0.0	0.0	0.0	0.996
CNX_Chem_20_01_LineStruct7_img	figure	0	rendered	0	0.0	0.0	0.0	1.0
CNX_Chem_20_01_LineStruct3_img	figure	0	rendered	0	0.0	0.0	0.0	1.0
CNX_Chem_20_03_oxaldehyde_img	figure	0	rendered	0	0.0	0.0	0.0	1.0
CNX_Chem_19_02_H2O2Br2	figure	0	rendered	0	0.0	0.0	0.0	1.0
CNX_Chem_18_07_Exercise5c_img	figure	0	rendered	0	0.0	0.0	0.0	1.079
CNX_Chem_20_01_HybrBAngl_img	figure	0	rendered	0	0.0	0.0	0.0001	0.994
CNX_Chem_07_03_MXLewisa_img	figure	0	rendered	0	0.0	0.0	0.0	0.989
CNX_Chem_08_03_HybridCarb_img	figure	0	rendered	0	0.0	0.0	0.0	0.989
CNX_Chem_20_01_ex1_1c_img	figure	0	rendered	0	0.0	0.0	0.0	1.0
CNX_Chem_07_03_MXLewisc_img	figure	0	rendered	0	0.0	0.0	0.0	0.989
CNX_Chem_20_02_Exercise3c_img	figure	0	rendered	0	0.0	0.0	0.0	0.996
CNX_Chem_07_03_MXLewisb_img	figure	0	rendered	0	0.0	0.0	0.0	0.989
CNX_Chem_02_04_Question7b_img	figure	0	rendered	0	0.0694	0.00108	0.00118	0.995
CNX_Chem_07_03_Question7d_img	figure	0	rendered	0	0.0	0.0	0.0	1.0
CNX_Chem_20_01_LineStruct5_img	figure	0	rendered	0	0.0	0.0	0.0	1.0
CNX_Chem_06_04_Hydrog1_img	figure	0	rendered	0	0.0	0.0	0.0	0.997
CNX_Chem_07_06_CHCl3_img	figure	0	rendered	0	0.0	0.0	0.0	0.983
CNX_Chem_07_03_MXLewisd_img	figure	0	rendered	0	0.0	0.0	0.0	0.989
CNX_Chem_08_00_N2O2Lewis_img	figure	0	rendered	0	0.0	0.0	0.0	0.996
CNX_Chem_03_02_potassium_img-f1d1	figure	0	rendered	0	0.0	0.0	0.0	1.0
CNX_Chem_08_03_HybridAll_img	figure	0	rendered	0	0.0	0.0	0.0	0.996
CNX_Chem_04_03_moleratio1_img	figure	0	rendered	0	0.0	0.0	0.0	1.0
CNX_Chem_20_04_pyridine_img	figure	0	rendered	0	0.0	0.0	0.0	0.998
CNX_Chem_20_01_ex1_1b_img	figure	0	rendered	0	0.0	0.0	0.0	0.996
CNX_Chem_03_01_Ex01_05d_img	figure	0	rendered	0	0.0	0.0	0.0	0.999
CNX_Chem_08_03_HybridSulf_img	figure	0	rendered	0	0.0	0.0	0.0	0.995
CNX_Chem_08_02_acetic_img	figure	0	rendered	0	0.0	0.0	0.0	1.0
CNX_Chem_06_04_Helium1_img	figure	0	rendered	0	0.0	0.0	0.0	1.0
CNX_Chem_20_01_LineStruct2_img	figure	0	rendered	0	0.0	0.0	0.0	1.0
CNX_Chem_08_02_urea_img	figure	0	rendered	0	0.0	0.0	0.0	1.0
CNX_Chem_20_01_hexane_e_img	figure	0	rendered	0	0.0	0.0	0.0	1.0
CNX_Chem_20_01_LineStruct4_img	figure	0	rendered	0	0.0	0.0	0.00073	1.0
CNX_Chem_20_01_ex1_1a_img	figure	0	rendered	0	0.0	0.0	0.0	1.002
CNX_Chem_07_03_ex070301_1_img	figure	0	rendered	0	0.0	0.0	0.0	1.0
CNX_Chem_07_03_COCO2_img	figure	0	rendered	0	0.0	0.0	0.0	1.0
CNX_Chem_20_01_hexane_f_img	figure	0	rendered	0	0.0	0.0	0.0	1.0
CNX_Chem_08_03_Acetonitri_img	figure	0	rendered	0	0.0	0.0	4e-05	1.058
CNX_Chem_20_03_OxiRedu_img	figure	0	rendered	0	0.0	0.0	0.0	1.0
CNX_Chem_13_05_Butane_img	figure	0	rendered	0	0.0556	0.00102	0.00133	0.996
CNX_Chem_20_03_aldehyde_img	figure	0	rendered	0	0.0	0.0	0.0	1.0
CNX_Chem_07_03_Singlebond_img	figure	0	rendered	0	0.0	0.0	0.0	1.017
CNX_Chem_20_03_OxiOrder_img	figure	0	rendered	0	0.0	0.0	0.0	1.0
CNX_Chem_03_02_argon_img-9025	figure	0	rendered	0	0.0833	0.00343	0.00526	0.997
CNX_Chem_20_01_hexane_d_img	figure	0	rendered	0	0.0	0.0	0.0	0.955
CNX_Chem_20_01_hexane_c_img	figure	0	rendered	0	0.0	0.0	0.0	0.995
CNX_Chem_07_06_OSC_img	figure	0	rendered	0	0.0	0.0	0.0	0.998
CNX_Chem_08_02_SulfManuf3_img	figure	0	rendered	0	0.0	0.0	0.0	1.0
CNX_Chem_08_02_BH3	figure	0	rendered	0	0.0	0.0	0.00011	0.97
CNX_Chem_20_01_HalAlkane_img	figure	0	rendered	0	0.0069	9e-05	0.00019	1.0
CNX_Chem_02_03_AtomSym	figure	0	rendered	0	0.0	0.0	0.0	1.001
CNX_Chem_08_02_xefluoride_img	figure	0	rendered	0	0.0	0.0	0.0	0.995
CNX_Chem_19_02_Answer4b_img	figure	0	rendered	0	0.0	0.0	0.0	0.958
CNX_Chem_11_04_Ex02Steps_img	figure	0	rendered	0	0.0	0.0	0.0	1.0
CNX_Chem_06_04_OrbDiaSh2b_img	figure	0	rendered	0	0.0	0.0	0.0	0.997
CNX_Chem_06_04_Lithium12_img	figure	0	rendered	0	0.0	0.0	0.0	0.961
CNX_Chem_20_01_HalAlkane2_img	figure	0	rendered	0	0.0	0.0	0.0	1.0
CNX_Chem_19_02_Gly	figure	0	rendered	0	0.0	0.0	0.0	0.998
CNX_Chem_01_05_SigDigits3_img	figure	0	rendered	0	0.0152	5e-05	0.00026	1.131
CNX_Chem_20_01_ex1_23_img	figure	0	rendered	0	0.0	0.0	0.0	1.0
CNX_Chem_03_02_vitC_img-e537	figure	0	rendered	0	0.0	0.0	0.0	0.998
CNX_Chem_20_01_hexane_a_img	figure	0	rendered	0	0.0	0.0	0.0	1.0
CNX_Chem_20_01_hexane_b_img	figure	0	rendered	0	0.0	0.0	0.0	1.0
CNX_Chem_06_04_OrbDiaSh2a_img	figure	0	rendered	0	0.1667	0.00331	0.00363	0.957
CNX_Chem_07_06_gly3D_img	figure	0	rendered	0	0.0	0.0	0.0	1.0
CNX_Chem_18_07_Exercise1d_img	figure	0	rendered	0	0.0	0.0	0.0	0.993
CNX_Chem_07_06_ala_img	figure	0	rendered	0	0.0	0.0	0.0	1.0
CNX_Chem_20_02_alcohol1_img	figure	0	rendered	0	0.0	0.0	0.0	1.0
CNX_Chem_06_04_OrbDiaSh2d_img	figure	0	rendered	0	0.0	0.0	0.0	1.0
CNX_Chem_07_04_Ex070402_img	figure	0	rendered	0	0.0	0.0	0.0	1.0
CNX_Chem_07_03_Impbioansc_img	figure	0	rendered	0	0.0	0.0	0.0	1.006
CNX_Chem_06_04_Beryll12_img	figure	0	rendered	0	0.0	0.0	0.0	1.002
CNX_Chem_03_01_Ex01_06d_img	figure	0	rendered	0	0.0	0.0	0.0	0.996
CNX_Chem_07_03_ex070301_2_img	figure	0	rendered	0	0.0	0.0	0.0	1.0
CNX_Chem_01_05_SigDigits5_img	figure	0	rendered	0	0.0833	0.0009	0.00105	0.87
CNX_Chem_11_04_Ex04Steps_img	figure	0	rendered	0	0.0	0.0	0.00612	0.996
CNX_Chem_08_02_SulfManuf4_img	figure	0	rendered	0	0.0	0.0	0.0	0.995
CNX_Chem_06_01_AMFM	figure	0	rendered	0	0.0	0.0	0.00011	0.997
CNX_Chem_08_02_sp3d_img	figure	0	rendered	0	0.0	0.0	0.0	0.999
CNX_Chem_03_02_glycine_img-7c96	figure	0	rendered	0	0.0	0.0	0.00274	1.0
CNX_Chem_18_11_Exercise4b_img	figure	0	rendered	0	0.0	0.0	0.0	1.062
CNX_Chem_20_01_AromatIso1_img	figure	0	rendered	0	0.0	0.0	0.0	1.0
CNX_Chem_03_02_saccharin_img	figure	0	rendered	0	0.0	0.0	0.0	1.0
CNX_Chem_06_04_OrbDiaSh2e_img	figure	0	rendered	0	0.1667	0.0079	0.01484	0.936
CNX_Chem_07_03_nitrosoni2_img	figure	0	rendered	0	0.1667	0.00745	0.0298	1.017
CNX_Chem_20_03_oxidation_img	figure	0	rendered	0	0.0	0.0	0.0	1.057
CNX_Chem_07_03_Question7c_img	figure	0	rendered	0	0.0069	0.00029	0.00145	1.045
CNX_Chem_06_04_OrbDiaSh2c_img	figure	0	rendered	0	0.1667	0.01321	0.02407	0.992
CNX_Chem_03_05_Example2_img	figure	0	rendered	0	0.0833	0.00162	0.0085	0.997
CNX_Chem_18_02_Boricacid_img	figure	0	rendered	0	0.0	0.0	0.0	0.967
CNX_Chem_07_03_Question9c_img	figure	0	rendered	0	0.0	0.0	0.0	1.0
CNX_Chem_20_04_amines_img	figure	0	rendered	0	0.0	0.0	0.0	1.255
CNX_Chem_20_01_HalAlkane3_img	figure	0	rendered	0	0.0	0.0	0.00085	1.0
CNX_Chem_15_02_AlOH4_img	figure	0	rendered	0	0.0	0.0	0.0	1.009
CNX_Chem_07_04_HNO2_img	figure	0	rendered	0	0.0	0.0	0.0	1.002
CNX_Chem_18_11_Exercise4e_img	figure	0	rendered	0	0.0	0.0	0.0	1.019
CNX_Chem_14_03_OHbonds_img	figure	0	rendered	0	0.0	0.0	0.0	0.925
CNX_Chem_06_04_Boron122_img	figure	0	rendered	0	0.0	0.0	0.0	0.999
CNX_Chem_06_04_Carbon122_img	figure	0	rendered	0	0.0	0.0	0.0	1.0
CNX_Chem_19_02_4geom	figure	0	rendered	0	0.0	0.0	0.0	1.0
CNX_Chem_09_02_Boyleslaw2	figure	0	rendered	0	0.0	0.0	0.0	1.0
CNX_Chem_19_01_ResTemp	figure	0	rendered	0	0.0	0.0	0.0	1.0
CNX_Chem_07_03_ex070301_3_img	figure	0	rendered	0	0.0	0.0	0.0	1.0
CNX_Chem_07_03_Question7h_img	figure	0	rendered	0	0.0	0.0	0.0	1.0
CNX_Chem_18_07_Exercise5a_img	figure	0	rendered	0	0.0	0.0	0.0	1.003
CNX_Chem_03_02_copperMoles_img-a962	figure	0	rendered	0	0.0	0.0	0.00975	0.993
CNX_Chem_07_06_BeF2	figure	0	rendered	0	0.0	0.0	0.00045	0.931
CNX_Chem_19_02_Answer4a_img	figure	0	rendered	0	0.0	0.0	0.0	1.003
CNX_Chem_06_05_Oxygen122_img	figure	0	rendered	0	0.0	0.0	0.0	1.0
CNX_Chem_07_06_Ques23ans_img	figure	0	rendered	0	0.0	0.0	0.0003	0.992
CNX_Chem_18_08_Exercise1d_img	figure	0	rendered	0	0.0	0.0	0.0	1.0
CNX_Chem_04_03_etheneBr_img	figure	0	rendered	0	0.0	0.0	0.0	1.003
CNX_Chem_10_04_Ex06answer_img	figure	0	rendered	0	0.1667	0.00442	0.00543	0.998
CNX_Chem_07_04_Ques2anse_img	figure	0	rendered	0	0.0	0.0	0.0	0.998
CNX_Chem_20_01_ex1_16_img	figure	0	rendered	0	0.0	0.0	0.0	0.959
CNX_Chem_04_03_moleratio2_img	figure	0	rendered	0	0.0	0.0	0.0	1.0
CNX_Chem_08_02_SulfManuf2_img	figure	0	rendered	0	0.0	0.0	0.0	1.0
CNX_Chem_04_03_map2_img	figure	0	rendered	0	0.0	0.0	0.0	1.0
CNX_Chem_11_04_Ex08Steps_img	figure	0	rendered	0	0.0	0.0	0.00588	1.0
CNX_Chem_20_01_alkyl_img	figure	0	rendered	0	0.0	0.0	0.0	1.0
CNX_Chem_18_07_Exercise1b_img	figure	0	rendered	0	0.0	0.0	0.0	0.992
CNX_Chem_04_03_ethene_img	figure	0	rendered	0	0.0	0.0	0.0	0.992
CNX_Chem_08_02_sp2Ex	figure	0	rendered	0	0.0139	0.00015	0.00873	1.0
CNX_Chem_18_08_Exercise8d_img	figure	0	rendered	0	0.0	0.0	0.0	0.997
CNX_Chem_04_04_saccharin_img	figure	0	rendered	0	0.0	0.0	0.0	1.0
CNX_Chem_04_05_map7_img	figure	0	rendered	0	0.0	0.0	0.0	1.0
CNX_Chem_11_05_detrg	figure	0	rendered	0	0.0	0.0	0.0	1.003
CNX_Chem_08_03_C6H6	figure	0	rendered	0	0.0	0.0	0.0	0.965
CNX_Chem_10_01_Aminacidch_img	figure	0	rendered	0	0.0167	0.00039	0.00116	0.994
CNX_Chem_20_01_propane_img	figure	0	rendered	0	0.0	0.0	0.0	1.172
CNX_Chem_18_11_Exercise4d_img	figure	0	rendered	0	0.0	0.0	0.0	0.982
CNX_Chem_02_04_Isomers	figure	0	rendered	0	0.0	0.0	0.0	1.004
CNX_Chem_08_01_bondtype_img	figure	0	rendered	0	0.0	0.0	0.0	0.883
CNX_Chem_20_01_octane1_img	figure	0	rendered	0	0.0	0.0	0.0	1.0
CNX_Chem_20_01_ex1_18b_img	figure	0	rendered	0	0.1111	0.00066	0.00142	0.988
CNX_Chem_01_05_SigDigits1_img	figure	0	rendered	0	0.0	0.0	0.00387	1.018
CNX_Chem_10_06_GenUnitCll	figure	0	rendered	0	0.1667	0.01256	0.01426	0.999
CNX_Chem_18_08_Exercise8a_img	figure	0	rendered	0	0.0	0.0	0.0	1.005
CNX_Chem_20_01_aromatic_img	figure	0	rendered	0	0.0	0.0	0.0	0.996
CNX_Chem_18_08_Exercise1e_img	figure	0	rendered	0	0.0	0.0	0.0	0.993
CNX_Chem_20_03_COgeom_img	figure	0	rendered	0	0.0	0.0	0.0	1.0
CNX_Chem_04_03_map3_img	figure	0	rendered	0	0.0	0.0	0.0	1.0
CNX_Chem_06_04_Valence	figure	0	rendered	0	0.0	0.0	0.00309	0.98
CNX_Chem_08_04_waveadd	figure	0	rendered	0	0.0069	1e-05	0.00528	0.998
CNX_Chem_19_02_CN	figure	0	rendered	0	0.0	0.0	0.0	0.999
CNX_Chem_18_07_Exercise5b_img	figure	0	rendered	0	0.0	0.0	5e-05	1.017
CNX_Chem_19_02_EDTA	figure	0	rendered	0	0.0	0.0	0.0	0.995
CNX_Chem_11_04_EX03Steps_img	figure	0	rendered	0	0.1667	0.00156	0.00476	1.0
CNX_Chem_20_01_HaloReact_img	figure	0	rendered	0	0.0	0.0	0.00274	1.0
CNX_Chem_20_01_octane2_img	figure	0	rendered	0	0.0	0.0	0.0	1.0
CNX_Chem_19_02_en	figure	0	rendered	0	0.0833	0.00195	0.00211	0.909
CNX_Chem_08_03_SO2_img	figure	0	rendered	0	0.0	0.0	0.0	1.0
CNX_Chem_20_01_ex1_14_img	figure	0	rendered	0	0.0	0.0	0.0	1.0
CNX_Chem_08_02_methionine_img	figure	0	rendered	0	0.0	0.0	0.0	0.995
CNX_Chem_07_03_formate2_img	figure	0	rendered	0	0.1736	0.00731	0.01442	0.973
CNX_Chem_20_04_amide1_img	figure	0	rendered	0	0.0	0.0	0.0	1.0
CNX_Chem_19_02_DMSA	figure	0	rendered	0	0.0	0.0	0.0	1.0
CNX_Chem_18_05_AmmonDeriv_img	figure	0	rendered	0	0.0	0.0	0.0	1.0
CNX_Chem_19_03_FECN6FEH2O_img	figure	0	rendered	0	0.0	0.0	0.0	1.0
CNX_Chem_08_02_SulfManuf1_img	figure	0	rendered	0	0.0	0.0	0.0	1.0
CNX_Chem_20_01_notiso1_img	figure	0	rendered	0	0.1111	0.00558	0.00702	1.045
CNX_Chem_19_03_smalldeltt_img	figure	0	rendered	0	0.0	0.0	0.0	0.994
CNX_Chem_10_03_VapPress3	figure	0	rendered	0	0.0	0.0	0.0	1.001
CNX_Chem_01_05_SigDigits4_img	figure	0	rendered	0	0.0069	4e-05	0.00339	0.996
CNX_Chem_12_06_CyclobD_img	figure	0	rendered	0	0.0	0.0	0.0	0.996
CNX_Chem_19_02_Answer4e_img	figure	0	rendered	0	0.1667	0.00461	0.00929	0.955
CNX_Chem_04_05_map8_img	figure	0	rendered	0	0.0	0.0	0.0	1.0
CNX_Chem_07_06_SH2NH3_img	figure	0	rendered	0	0.0069	0.00016	0.00378	1.011
CNX_Chem_20_01_subbenzene_img	figure	0	rendered	0	0.0694	0.00024	0.00572	0.987
CNX_Chem_20_03_acetate_img	figure	0	rendered	0	0.0	0.0	0.0	1.0
CNX_Chem_20_01_notiso2_img	figure	0	rendered	0	0.0	0.0	0.0	1.006
CNX_Chem_19_02_structures	figure	0	rendered	0	0.0	0.0	0.0	0.999
CNX_Chem_01_05_SigDigits2_img	figure	0	rendered	0	0.0069	3e-05	0.00312	1.014
CNX_Chem_07_04_Exercis12a_img	figure	0	rendered	0	0.0069	4e-05	0.00445	0.998
CNX_Chem_21_06_Hydroxyrad_img	figure	0	rendered	0	0.0	0.0	9e-05	0.981
CNX_Chem_20_01_alklnm_img	figure	0	rendered	0	0.0833	0.00032	0.00108	0.946
CNX_Chem_18_03_Exercise2b_img	figure	0	rendered	0	0.0208	0.00075	0.03907	1.009
CNX_Chem_18_08_Exercise8b_img	figure	0	rendered	0	0.0	0.0	0.0	0.995
CNX_Chem_07_03_Question9a_img	figure	0	rendered	0	0.0	0.0	0.0	0.996
CNX_Chem_07_04_Exercis12b_img	figure	0	rendered	0	0.0	0.0	0.0	1.0
CNX_Chem_03_02_sacch_img-3278	figure	0	rendered	0	0.1667	0.00216	0.00466	0.997
CNX_Chem_18_11_Exercise4c_img	figure	0	rendered	0	0.0	0.0	0.0	1.0
CNX_Chem_11_04_Ex09Steps_img	figure	0	rendered	0	0.0	0.0	2e-05	0.997
CNX_Chem_03_03_empform	figure	0	rendered	0	0.0	0.0	0.00509	1.005
CNX_Chem_11_05_soap	figure	0	rendered	0	0.0	0.0	0.00358	0.996
CNX_Chem_20_01_substitu_img	figure	0	rendered	0	0.0	0.0	0.0	1.0
CNX_Chem_20_03_oxtoacid_img	figure	0	rendered	0	0.0	0.0	0.0	1.0
CNX_Chem_20_04_kevlar1	figure	0	rendered	0	0.0069	6e-05	6e-05	1.001
CNX_Chem_07_03_NaCa_img	figure	0	rendered	0	0.0	0.0	0.00141	0.996
CNX_Chem_09_03_WaterVapor2	figure	0	rendered	0	0.0	0.0	0.00041	0.914
CNX_Chem_20_03_aldket_img	figure	0	rendered	0	0.1042	0.00264	0.00308	0.953
CNX_Chem_10_04_Exercise10b_img	figure	0	rendered	0	0.0	0.0	2e-05	0.982
CNX_Chem_07_03_XeF6_img	figure	0	rendered	0	0.0	0.0	0.0	1.0
CNX_Chem_10_04_Exercise10c_img	figure	0	rendered	0	0.0	0.0	2e-05	0.955
CNX_Chem_12_07_Exercise6b_img	figure	0	rendered	0	0.0	0.0	0.0	0.998
CNX_Chem_07_04_Ques2ansc_img	figure	0	rendered	0	0.1667	0.00749	0.01633	0.946
CNX_Chem_12_07_Exercise6a_img	figure	0	rendered	0	0.0	0.0	0.0	0.997
CNX_Chem_18_07_Exercise1e_img	figure	0	rendered	0	0.0	0.0	0.0	1.0
CNX_Chem_20_02_MTBE_img	figure	0	rendered	0	0.125	0.0022	0.00307	0.961
CNX_Chem_19_02_enant	figure	0	rendered	0	0.0	0.0	0.0	0.997
CNX_Chem_18_11_Exercise4a_img	figure	0	rendered	0	0.0	0.0	0.0	0.986
CNX_Chem_07_05_CH3OHLew_img	figure	0	rendered	0	0.0	0.0	0.0	1.0
CNX_Chem_06_04_PhosphOrb_img	figure	0	rendered	0	0.0	0.0	0.0	1.0
CNX_Chem_14_04_steps1_img	figure	0	rendered	0	0.0	0.0	0.0	1.0
CNX_Chem_07_04_Exercis12c_img	figure	0	rendered	0	0.0	0.0	0.0	0.999
CNX_Chem_20_03_CarboxEst2_img	figure	0	rendered	0	0.0	0.0	0.0	0.87
CNX_Chem_20_02_polyols_img	figure	0	rendered	0	0.0	0.0	0.0	1.004
CNX_Chem_06_03_subshells	figure	0	rendered	0	0.0	0.0	0.0	1.0
CNX_Chem_20_02_ethanol_img	figure	0	rendered	0	0.1111	0.00307	0.00838	1.008
CNX_Chem_20_01_ReactProd1_img	figure	0	rendered	0	0.1042	0.00186	0.00528	1.0
CNX_Chem_12_07_Exercise7b_img	figure	0	rendered	0	0.0	0.0	0.0	1.0
CNX_Chem_12_07_Exercise7a_img	figure	0	rendered	0	0.0	0.0	4e-05	1.003
CNX_Chem_18_08_Exercise8c_img	figure	0	rendered	0	0.0	0.0	0.0	1.0
CNX_Chem_10_04_Exercise10a_img	figure	0	rendered	0	0.0	0.0	2e-05	0.975
CNX_Chem_07_03_ex070301_4_img	figure	0	rendered	0	0.0	0.0	0.0	1.0
CNX_Chem_21_05_Co60Decay	figure	0	rendered	0	0.0069	1e-05	3e-05	1.001
CNX_Chem_12_07_HMPShuntPa	figure	0	rendered	0	0.0069	2e-05	0.00039	0.97
CNX_Chem_19_02_cistrans	figure	0	rendered	0	0.0	0.0	0.0	0.993
CNX_Chem_07_03_SiH4_img	figure	0	rendered	0	0.0	0.0	0.0	1.0
CNX_Chem_07_05_CH4bond_img	figure	0	rendered	0	0.0	0.0	0.0	1.0
CNX_Chem_19_02_oct	figure	0	rendered	0	0.0	0.0	0.0	1.0
CNX_Chem_20_04_react2e_img	figure	0	rendered	0	0.0	0.0	0.0	0.997
CNX_Chem_09_05_MolSpeed1	figure	0	rendered	0	0.0	0.0	0.0	1.003
CNX_Chem_11_02_ammonia1_img	figure	0	rendered	0	0.0	0.0	0.0	0.999
CNX_Chem_07_05_Ethanol_img	figure	0	rendered	0	0.0	0.0	0.0	1.0
CNX_Chem_20_01_AromatIso2_img	figure	0	rendered	0	0.0208	0.00012	0.02002	0.997
CNX_Chem_15_02_Answer24b_img	figure	0	rendered	0	0.0	0.0	0.0	1.005
CNX_Chem_14_03_strong	figure	0	rendered	0	0.0	0.0	0.0	1.011
CNX_Chem_04_01_basehyd_img	figure	0	rendered	0	0.0	0.0	0.0	1.0
CNX_Chem_08_02_spDiag	figure	0	rendered	0	0.1319	0.00187	0.00292	1.022
CNX_Chem_10_06_ConDec	figure	0	rendered	0	0.0	0.0	0.0	0.999
CNX_Chem_16_04_Scenarios	figure	0	rendered	0	0.0	0.0	0.0	1.0
CNX_Chem_08_04_Band	figure	0	rendered	0	0.0	0.0	0.0	1.0
CNX_Chem_11_03_gasdissolv	figure	0	rendered	0	0.0	0.0	0.0	1.0
CNX_Chem_20_04_reaction1b_img	figure	0	rendered	0	0.0	0.0	0.0	1.0
CNX_Chem_20_01_alkenes_img	figure	0	rendered	0	0.1319	0.00111	0.00513	1.02
CNX_Chem_20_02_ferment_img	figure	0	rendered	0	0.0	0.0	0.0	1.0
CNX_Chem_08_02_CO2Diag	figure	0	rendered	0	0.0	0.0	0.0	0.997
CNX_Chem_10_04_Exercise10d_img	figure	0	rendered	0	0.0	0.0	2e-05	0.99
CNX_Chem_16_03_Energy	figure	0	rendered	0	0.0	0.0	0.0	1.0
CNX_Chem_12_04_FrstOKin	figure	0	rendered	0	0.0	0.0	0.0	1.0
CNX_Chem_16_01_decayrates	figure	0	rendered	0	0.0	0.0	0.00017	1.002
CNX_Chem_07_04_Thiocyan_img	figure	0	rendered	0	0.0	0.0	0.0	0.891
CNX_Chem_15_03_hydronium_img	figure	0	rendered	0	0.0	0.0	0.0	1.001
CNX_Chem_08_02_phsphorus2_img	figure	0	rendered	0	0.0	0.0	0.0	0.953
CNX_Chem_15_02_NH3-LBase_img	figure	0	rendered	0	0.0	0.0	0.0	1.0
CNX_Chem_20_04_reaction1c_img	figure	0	rendered	0	0.0	0.0	0.0	0.997
CNX_Chem_19_01_Oxistatra	figure	0	rendered	0	0.0	0.0	0.0	1.0
CNX_Chem_20_04_pyridinium_img	figure	0	rendered	0	0.0	0.0	0.0	0.942
CNX_Chem_08_03_sp3config	figure	0	rendered	0	0.0	0.0	0.0	0.997
CNX_Chem_08_02_BH3Diag	figure	0	rendered	0	0.0	0.0	0.0	0.999
CNX_Chem_08_02_phosnitro_img	figure	0	rendered	0	0.0069	4e-05	4e-05	1.046
CNX_Chem_20_04_amide2_img	figure	0	rendered	0	0.0	0.0	0.0	0.997
CNX_Chem_06_03_OrbOutline_img	figure	0	rendered	0	0.0	0.0	0.0	1.002
CNX_Chem_18_03_BorateAnio	figure	0	rendered	0	0.0	0.0	1e-05	1.002
CNX_Chem_08_02_sp3Diag	figure	0	rendered	0	0.0	0.0	0.0	1.001
CNX_Chem_20_01_halogen_img	figure	0	rendered	0	0.0486	0.00135	0.0036	0.997
CNX_Chem_12_07_Exercise4a_img	figure	0	rendered	0	0.0	0.0	0.0	1.003
CNX_Chem_20_01_ex1_21_img	figure	0	rendered	0	0.0556	0.00016	0.00103	1.007
CNX_Chem_20_01_LineStruct1	figure	0	rendered	0	0.0	0.0	0.0	1.081
CNX_Chem_12_04_CYL2_img	figure	0	rendered	0	0.0	0.0	0.0	0.994
CNX_Chem_04_05_propionate_img	figure	0	rendered	1	0.3056	0.00569	0.01056	1.012
CNX_Chem_20_04_ammonia_img	figure	0	rendered	0	0.0	0.0	0.0	1.0
CNX_Chem_20_01_ex1_20_img	figure	0	rendered	0	0.0	0.0	0.0	0.937
CNX_Chem_20_01_ethylChlor_img	figure	0	rendered	0	0.0	0.0	0.0	0.997
CNX_Chem_20_01_alkyls	figure	0	rendered	0	0.0	0.0	0.0	0.999
CNX_Chem_20_03_esterform_img	figure	0	rendered	0	0.0278	0.00023	0.00165	1.0
CNX_Chem_12_04_CYL1_img	figure	0	rendered	0	0.0	0.0	0.0	1.0
CNX_Chem_20_01_AromatIso3_img	figure	0	rendered	0	0.0	0.0	0.0	1.0
CNX_Chem_20_03_alcoholABC_img	figure	0	rendered	0	0.0	0.0	0.0	0.985
CNX_Chem_12_05_SuccessR	figure	0	rendered	0	0.0	0.0	0.0	0.975
CNX_Chem_19_02_Answer4f_img	figure	0	rendered	0	0.0	0.0	0.0	0.998
CNX_Chem_15_02_Answer24d_img	figure	0	rendered	0	0.0	0.0	0.0	1.0
CNX_Chem_04_05_combmap_img	figure	0	rendered	0	0.1667	0.00178	0.00196	0.996
CNX_Chem_20_04_react2a_img	figure	0	rendered	0	0.0	0.0	0.0	1.003
CNX_Chem_15_02_Answer18a_img	figure	0	rendered	0	0.0	0.0	0.0	1.005
CNX_Chem_09_02_Charles2	figure	0	rendered	0	0.0	0.0	0.0	1.0
CNX_Chem_04_03_flowchart	figure	0	rendered	0	0.0	0.0	0.0	1.0
CNX_Chem_15_01_ICETable1_img	figure	0	rendered	0	0.0	0.0	0.0	0.988
CNX_Chem_07_03_IF5XeF4_img	figure	0	rendered	0	0.0	0.0	0.0	1.001
CNX_Chem_07_04_Ques2ansb_img	figure	0	rendered	0	0.0069	9e-05	0.03009	1.089
CNX_Chem_13_04_ICETable3_img	figure	0	rendered	0	0.0	0.0	0.0	0.988
CNX_Chem_12_04_AmDecomK	figure	0	rendered	0	0.1667	0.00257	0.00288	0.995
CNX_Chem_14_01_HF_img	figure	0	rendered	0	0.0208	0.00012	0.00077	0.958
CNX_Chem_19_02_heme	figure	0	rendered	0	0.0	0.0	0.0	1.0
CNX_Chem_07_03_ClS_img	figure	0	rendered	0	0.0278	0.0004	0.0011	1.007
CNX_Chem_09_02_Exercise25_img	figure	0	rendered	0	0.0	0.0	0.0	0.999
CNX_Chem_07_06_CS3a_img	figure	0	rendered	0	0.0	0.0	0.0	1.0
CNX_Chem_14_01_Water_img	figure	0	rendered	0	0.1667	0.00086	0.00303	0.98
CNX_Chem_11_04_Ex07Steps_img	figure	0	rendered	0	0.0	0.0	0.0	1.0
CNX_Chem_20_01_acetylene_img	figure	0	rendered	0	0.1111	0.00118	0.00304	0.997
CNX_Chem_09_02_Amontons2	figure	0	rendered	0	0.0	0.0	0.0	0.986
CNX_Chem_15_01_ICETable7_img	figure	0	rendered	0	0.0	0.0	0.00141	0.995
CNX_Chem_01_02_MattType	figure	0	rendered	0	0.0	0.0	0.0	1.002
CNX_Chem_15_02_ICETable1_img	figure	0	rendered	0	0.0	0.0	0.0	1.0
CNX_Chem_14_05_acetic_img	figure	0	rendered	0	0.0	0.0	1e-05	0.986
CNX_Chem_05_03_Systemqw	figure	0	rendered	0	0.0	0.0	9e-05	1.0
CNX_Chem_15_01_ICETable3_img	figure	0	rendered	0	0.0	0.0	0.0	1.0
CNX_Chem_16_02_EntGraph	figure	0	rendered	0	0.0833	0.00213	0.00532	0.99
CNX_Chem_19_03_CFSE	figure	0	rendered	0	0.0	0.0	0.0	1.0
CNX_Chem_14_05_ICETable1_img	figure	0	rendered	0	0.0	0.0	2e-05	0.974
CNX_Chem_15_01_ICETable2_img	figure	0	rendered	0	0.0	0.0	0.0	1.0
CNX_Chem_13_04_ICETable30_img	figure	0	rendered	0	0.0	0.0	0.00606	1.0
CNX_Chem_12_04_2OrdKin	figure	0	rendered	0	0.0	0.0	0.0	1.0
CNX_Chem_15_02_Answer18c_img	figure	0	rendered	0	0.0	0.0	0.0	1.009
CNX_Chem_14_06_ICETable16_img	figure	0	rendered	0	0.0	0.0	0.0	0.974
CNX_Chem_00_EE_Density_img	figure	0	rendered	0	0.0	0.0	0.0	1.0
CNX_Chem_12_07_Exercise4b_img	figure	0	rendered	0	0.0	0.0	0.0	1.001
CNX_Chem_12_07_Rxndiagramex_img	figure	0	rendered	0	0.0	0.0	1e-05	1.0
CNX_Chem_07_03_dative_img	figure	0	rendered	0	0.0	0.0	0.0	0.995
CNX_Chem_12_07_Exercise5a_img	figure	0	rendered	0	0.0	0.0	0.0	1.001
CNX_Chem_12_07_Exercise5b_img	figure	0	rendered	0	0.0	0.0	0.0	1.001
CNX_Chem_12_07_CatReCoDig	figure	0	rendered	0	0.0069	1e-05	0.00021	1.004
CNX_Chem_11_03_solubility	figure	0	rendered	0	0.0278	8e-05	0.0002	0.997
CNX_Chem_20_03_carboxylic_img	figure	0	rendered	0	0.0	0.0	0.0	1.0
CNX_Chem_20_04_reaction1f_img	figure	0	rendered	0	0.0	0.0	0.0	0.984
CNX_Chem_19_02_Coen2Cl2	figure	0	rendered	0	0.0	0.0	0.0	1.0
CNX_Chem_12_07_Rxndiagramcyl_img	figure	0	rendered	0	0.0	0.0	0.0	0.995
CNX_Chem_12_05_RCooDgm	figure	0	rendered	0	0.0	0.0	0.0	1.0
CNX_Chem_14_03_ICETable3_img	figure	0	rendered	0	0.0	0.0	0.0	1.0
CNX_Chem_10_06_UnitCell1	figure	0	rendered	0	0.0	0.0	4e-05	0.991
CNX_Chem_07_04_Exercis12d_img	figure	0	rendered	0	0.0	0.0	0.0	0.977
CNX_Chem_00_EE_WaterpKw_img	figure	0	rendered	0	0.0	0.0	1e-05	0.981
CNX_Chem_14_06_buffer	figure	0	rendered	0	0.0	0.0	0.0	0.999
CNX_Chem_19_03_Lowhigh	figure	0	rendered	0	0.1667	0.00258	0.01012	1.033
CNX_Chem_01_03_HazDiamond	figure	0	rendered	0	0.0	0.0	0.0	0.997
CNX_Chem_10_04_CO2PhasDi	figure	0	rendered	0	0.0	0.0	0.0	1.005
CNX_Chem_20_02_ether_img	figure	0	rendered	0	0.0069	3e-05	0.00089	0.957
CNX_Chem_07_03_Unprelec_img	figure	0	rendered	0	0.0208	0.00024	0.00113	0.999
CNX_Chem_17_04_Relation	figure	0	rendered	0	0.0	0.0	0.0	1.015
CNX_Chem_06_04_NOFNe_img	figure	0	rendered	0	0.0	0.0	0.0	1.001
CNX_Chem_00_BB_Dependence_img	figure	0	rendered	0	0.0	0.0	0.0	1.0
CNX_Chem_15_02_Answer18b_img	figure	0	rendered	0	0.1597	0.00157	0.00741	1.09
CNX_Chem_00_EE_Vapor_img	figure	0	rendered	0	0.0	0.0	1e-05	1.018
CNX_Chem_19_02_ex10ans_img	figure	0	rendered	0	0.0	0.0	0.0	1.001
CNX_Chem_21_06_Exposure2	figure	0	rendered	0	0.0	0.0	0.0	0.997
CNX_Chem_20_04_peptide	figure	0	rendered	0	0.0	0.0	0.0	0.991
CNX_Chem_01_01_ChemWeb	figure	0	rendered	0	0.0	0.0	0.0	0.991
CNX_Chem_15_02_Answer18e_img	figure	0	rendered	0	0.1667	0.00696	0.00939	1.11
CNX_Chem_13_02_quotient	figure	0	rendered	0	0.0	0.0	0.0	0.969
CNX_Chem_15_02_Answer18d_img	figure	0	rendered	0	0.0347	0.00067	0.01155	0.996
CNX_Chem_15_02_Answer24c_img	figure	0	rendered	0	0.0	0.0	0.0	0.995
CNX_Chem_14_01_NH3_img	figure	0	rendered	0	0.125	0.00135	0.0016	1.0
CNX_Chem_02_05_PerTable2	figure	8	rendered	68	0.5556	0.04586	0.04586	0.0
CNX_Chem_06_02_Hlevels	figure	0	rendered	0	0.0	0.0	0.0	1.085
CNX_Chem_15_02_Answer24a_img	figure	0	rendered	0	0.0	0.0	0.0	1.0
CNX_Chem_01_01_SciMethod	figure	0	rendered	0	0.0	0.0	0.0	0.998
CNX_Chem_18_04_OxStNonmts	figure	0	rendered	0	0.0833	0.0008	0.00081	0.992
CNX_Chem_10_03_HeatCurve	figure	0	rendered	0	0.1667	0.00045	0.00048	1.009
CNX_Chem_15_02_BF3-LA_img	figure	0	rendered	0	0.0	0.0	0.0	0.991
CNX_Chem_12_04_Exercise02_img	figure	0	rendered	0	0.0	0.0	0.0	1.0
CNX_Chem_01_06_TempScales	figure	0	rendered	0	0.0	0.0	0.0	1.0
CNX_Chem_15_02_NonmetalOx_img	figure	0	rendered	0	0.0	0.0	0.0	0.991
CNX_Chem_20_01_recycle	figure	0	rendered	0	0.0	0.0	1e-05	0.997
CNX_Chem_20_04_react2b_img	figure	0	rendered	0	0.1667	0.00511	0.01311	1.041
CNX_Chem_12_05_ArrhPlot	figure	0	rendered	0	0.0	0.0	0.0	1.0
CNX_Chem_12_01_KDataH2O2	figure	0	rendered	0	0.0	0.0	0.0	1.0
CNX_Chem_01_05_Archery	figure	36	rendered	198	1.0	0.17999	0.17999	0.0
CNX_Chem_14_03_ICETable5_img	figure	0	rendered	0	0.0	0.0	0.0	0.988
CNX_Chem_13_04_ICETable2_img	figure	0	rendered	0	0.0	0.0	0.0	1.0
CNX_Chem_21_01_BindEnergy	figure	0	rendered	0	0.0	0.0	0.0	1.0
CNX_Chem_19_02_BalEnt	figure	0	rendered	0	0.0	0.0	1e-05	0.996
CNX_Chem_14_03_Oxyacid	figure	2	rendered	33	1.0	0.03676	0.03676	0.0
CNX_Chem_05_03_HessCO2	figure	0	rendered	0	0.0	0.0	0.0	1.0
CNX_Chem_20_04_react2c_img	figure	0	rendered	0	0.0	0.0	0.0	0.999
CNX_Chem_06_03_elecw	figure	0	rendered	0	0.0	0.0	0.0	1.001
CNX_Chem_07_03_Question18_img	figure	0	rendered	0	0.0	0.0	0.0	0.999
CNX_Chem_15_03_AgBr_img	figure	0	rendered	0	0.0	0.0	2e-05	1.0
CNX_Chem_06_01_Frequency	figure	0	rendered	0	0.0	0.0	3e-05	1.003
CNX_Chem_21_03_DecayS	figure	0	rendered	0	0.0	0.0	0.0	1.0
CNX_Chem_08_04_H2MO-a7a1	figure	0	rendered	0	0.0	0.0	0.0	0.956
CNX_Chem_12_01_RRateIll	figure	0	rendered	0	0.0	0.0	0.0	0.999
CNX_Chem_01_04_MYdCmIn	figure	0	rendered	0	0.0833	0.00208	0.00211	1.0
CNX_Chem_19_02_ChlorBlue	figure	0	rendered	0	0.0	0.0	0.0	0.998
CNX_Chem_14_06_bufferchrt	figure	0	rendered	0	0.0833	0.00133	0.00213	1.003
CNX_Chem_06_04_eLeveldiag	figure	0	rendered	0	0.0	0.0	0.0	0.999
CNX_Chem_08_04_He2MO-cf1f	figure	0	rendered	0	0.0	0.0	0.0	0.867
CNX_Chem_06_05_Radiigraph	figure	0	rendered	0	0.0	0.0	2e-05	0.998
CNX_Chem_12_01_NH3Decomp	figure	0	rendered	0	0.0	0.0	5e-05	1.001
CNX_Chem_06_02_BohrArrows	figure	0	rendered	0	0.0	0.0	0.0	0.966
CNX_Chem_20_04_alkaloids_img	figure	0	rendered	0	0.0	0.0	0.0	0.99
CNX_Chem_14_02_phscale	figure	2	rendered	101	0.9931	0.04005	0.04005	0.0
CNX_Chem_20_03_CarboxEst1_img	figure	0	rendered	0	0.0069	0.0	1e-05	0.988
CNX_Chem_14_07_titration	figure	0	rendered	0	0.0	0.0	0.0	0.978
CNX_Chem_06_05_Firstiongr	figure	0	rendered	0	0.0	0.0	0.0	1.0
CNX_Chem_18_02_DownsCell	figure	0	rendered	0	0.0	0.0	0.0	0.999
CNX_Chem_14_03_AcidpH	figure	12	rendered	163	1.0	0.15616	0.15616	0.0
CNX_Chem_06_01_Blackbody	figure	0	rendered	0	0.0	0.0	1e-05	1.0
CNX_Chem_13_02_mixtures	figure	0	rendered	0	0.0	0.0	0.0	0.996
CNX_Chem_14_03_strengths	figure	0	rendered	0	0.0833	0.00032	0.00067	1.0
CNX_Chem_00_EE_LiqWatAbso	figure	0	rendered	0	0.0	0.0	0.0	0.981
CNX_Chem_14_03_corresp	figure	8	rendered	85	1.0	0.04468	0.04468	0.0
CNX_Chem_15_02_Displace_img	figure	0	rendered	0	0.0	0.0	0.0	1.0
CNX_Chem_18_10_FrachMine	figure	0	rendered	0	0.0	0.0	0.0	1.0
CNX_Chem_01_05_Archer2_img	figure	64	rendered	229	1.0	0.19702	0.19702	0.178
CNX_Chem_21_03_HalfLife	figure	0	rendered	0	0.0	0.0	3e-05	1.044
CNX_Chem_08_04_FillMo	figure	0	rendered	0	0.0	0.0	1e-05	0.928
CNX_Chem_08_04_O2MO-912b	figure	0	rendered	0	0.0	0.0	0.0	1.0
CNX_Chem_14_07_titration2	figure	0	rendered	0	0.0	0.0	0.0	1.0
CNX_Chem_10_06_Ex100602_img	figure	0	rendered	0	0.0069	4e-05	0.00021	0.987
CNX_Chem_10_01_DispForces	figure	0	rendered	0	0.0	0.0	0.0	1.0
CNX_Chem_06_05_Elaffin	figure	0	rendered	0	0.0	0.0	0.0	0.998
CNX_Chem_06_05_Firstionen	figure	0	rendered	0	0.0	0.0	0.0	1.0
CNX_Chem_11_04_phasediag	figure	2	rendered	35	0.4931	0.02152	0.02152	0.0
CNX_Chem_12_07_Enzyme	figure	0	rendered	0	0.0069	1e-05	0.00013	0.999
CNX_Chem_07_06_molgeom	figure	0	rendered	0	0.0069	1e-05	0.00012	0.999
CNX_Chem_18_09_Limelight	figure	4	rendered	145	1.0	0.22168	0.22168	0.0
CNX_Chem_02_06_IonCharges	figure	0	rendered	0	0.0	0.0	0.00118	0.998
CNX_Chem_06_01_Solardist	figure	0	rendered	0	0.0	0.0	0.0	1.0
CNX_Chem_21_04_Fission2	figure	0	rendered	0	0.0	0.0	0.0	0.979
CNX_Chem_21_06_IonRadSpec	figure	20	rendered	142	1.0	0.1482	0.1482	0.0
CNX_Chem_03_01_chloroform	figure	0	rendered	0	0.0347	8e-05	0.007	0.999
CNX_Chem_20_04_DNA	figure	0	rendered	0	0.0	0.0	0.0	1.002
CNX_Chem_01_04_Volume	figure	0	rendered	0	0.0069	1e-05	0.00032	1.0
CNX_Chem_21_01_BandStable	figure	0	rendered	0	0.0	0.0	1e-05	0.99
CNX_Chem_09_01_Atmosphere	figure	0	rendered	0	0.0	0.0	5e-05	0.999
CNX_Chem_17_05_Lead	figure	0	rendered	0	0.0	0.0	1e-05	0.999
CNX_Chem_10_06_XRyDiff1	figure	0	rendered	0	0.0	0.0	0.0	1.0
CNX_Chem_05_02_Calorim	figure	0	rendered	0	0.0	0.0	6e-05	1.0
CNX_Chem_18_02_HallHerCell	figure	0	rendered	0	0.0	0.0	0.0	1.001
CNX_Chem_21_03_Radiation	figure	0	rendered	0	0.0833	0.00065	0.00095	1.006
CNX_Chem_02_02_Rutherford	figure	0	rendered	0	0.0	0.0	0.0	0.999
CNX_Chem_18_01_PeriodicPU3	figure	0	rendered	0	0.0	0.0	0.0	0.995
CNX_Chem_01_03_PeriodicPU	figure	0	rendered	0	0.0104	0.0	1e-05	1.0
CNX_Chem_19_01_PeriodicEConfig	figure	0	rendered	0	0.0104	0.0	1e-05	1.0
CNX_Chem_00_AA_PeriodicPU_img	figure	0	rendered	0	0.0	0.0	0.0	1.001
CNX_Chem_02_05_PerTable1	figure	0	rendered	0	0.0	0.0	0.0	1.001
CNX_Chem_09_01_Barometer	figure	0	rendered	0	0.0	0.0	4e-05	0.995
CNX_Chem_10_01_IntravInter	figure	0	rendered	0	0.0	0.0	3e-05	0.995
CNX_Chem_04_05_combustion	figure	0	rendered	0	0.0	0.0	0.0	1.0
CNX_Chem_19_03_Dorbital	figure	0	rendered	0	0.0208	0.00014	0.00022	0.978
CNX_Chem_02_03_MassSpec	figure	6	rendered	227	1.0	0.16368	0.16368	0.0
CNX_Chem_21_03_CarbonDate	figure	0	rendered	0	0.0	0.0	0.0	0.999
CNX_Chem_09_03_GlobalWarming-b740	figure	0	rendered	17	0.5	0.00448	0.005	1.0
CNX_Chem_01_05_Measure	figure	0	rendered	0	0.0	0.0	1e-05	0.996
CNX_Chem_21_06_Damage2	figure	0	rendered	0	0.0139	0.00011	0.00022	0.97
CNX_Chem_05_03_AlgalFuel2	figure	48	rendered	148	1.0	0.14186	0.14215	0.172
CNX_Chem_21_03_Reaction1	figure	0	rendered	0	0.0208	9e-05	0.00013	0.985
CNX_Chem_03_01_aspirin	figure	0	rendered	0	0.0833	0.00089	0.01013	0.981
CNX_Chem_17_05_NiCd	figure	0	rendered	0	0.0	0.0	2e-05	1.0
CNX_Chem_03_01_glycinemass_img	figure	0	rendered	0	0.0625	0.00035	0.00454	0.998
CNX_Chem_05_02_Calorim2	figure	0	rendered	0	0.0	0.0	1e-05	1.0
CNX_Chem_02_02_Millikan	figure	152	rendered	280	1.0	0.18398	0.18562	0.221
CNX_Chem_01_02_StatesMatt	figure	12	rendered	227	1.0	0.16011	0.16011	0.0
CNX_Chem_17_07_Electroplate	figure	0	rendered	0	0.0	0.0	0.0	0.997
CNX_Chem_03_01_alsulfatemass_img	figure	0	rendered	0	0.0278	0.00042	0.01258	0.991
CNX_Chem_06_03_Qnumbers	figure	0	rendered	0	0.0	0.0	0.0	1.0
CNX_Chem_11_04_ionpair	figure	0	rendered	0	0.0347	0.00017	0.00204	0.989
CNX_Chem_20_04_kevpoly	figure	0	rendered	0	0.0069	0.0	0.00017	1.003
CNX_Chem_18_03_SiPurif	figure	0	rendered	0	0.0	0.0	0.0	0.992
CNX_Chem_17_03_SHE	figure	0	rendered	0	0.0139	8e-05	0.00013	0.981
CNX_Chem_21_04_Fission1	figure	0	rendered	0	0.0208	6e-05	0.00012	0.984
CNX_Chem_09_03_BoylesLaw1	figure	0	rendered	0	0.0278	3e-05	0.00013	0.968
CNX_Chem_06_05_Ionradii	figure	0	rendered	0	0.0208	0.0008	0.00124	0.96
CNX_Chem_03_01_saltMass	figure	0	rendered	0	0.0833	0.0015	0.00574	0.985
CNX_Chem_10_07_XRyDiff2	figure	0	rendered	0	0.0	0.0	0.00014	0.996
CNX_Chem_01_02_ConsMatter	figure	8	rendered	148	1.0	0.09834	0.09856	0.717
CNX_Chem_01_04_CylRebar	figure	0	rendered	0	0.0	0.0	0.0	0.999
CNX_Chem_10_04_SupCritCof	figure	0	rendered	0	0.0069	1e-05	4e-05	0.993
CNX_Chem_06_03_Electrnin	figure	8	rendered	16	0.4167	0.00496	0.00501	0.999
CNX_Chem_06_04_Econtable	figure	0	rendered	0	0.0	0.0	0.0	0.998
CNX_Chem_10_02_CapRise	figure	0	rendered	0	0.0	0.0	0.0	0.997
CNX_Chem_09_01_Manometer	figure	0	rendered	0	0.0694	0.001	0.00649	1.001
CNX_Chem_04_02_HClsoln	figure	8	rendered	160	1.0	0.15105	0.15162	0.037
CNX_Chem_13_00_Blood	figure	36	rendered	592	1.0	0.44523	0.44544	0.301
CNX_Chem_17_06_Protect	figure	0	rendered	0	0.0	0.0	0.00013	0.999
CNX_Chem_08_04_Gouy	figure	4	rendered	37	1.0	0.02133	0.02171	0.841
CNX_Chem_14_07_indicators	figure	0	rendered	0	0.0069	0.0	0.0	0.994
CNX_Chem_17_05_FuelCell	figure	0	rendered	0	0.0	0.0	0.0	0.999
CNX_Chem_19_03_Lightper	figure	4	rendered	339	1.0	0.14283	0.14283	0.0
CNX_Chem_02_01_Dalton3	figure	0	rendered	0	0.0347	0.00025	0.00171	0.995
CNX_Chem_01_02_Molecules	figure	0	rendered	0	0.0347	0.00063	0.00303	0.994
CNX_Chem_06_01_Ephoton	figure	0	rendered	0	0.0833	0.00058	0.00312	0.996
CNX_Chem_05_02_BombCalor	figure	12	rendered	783	1.0	0.54994	0.55087	0.052
CNX_Chem_08_01_Morse-3a8e	figure	0	rendered	0	0.0	0.0	0.0	0.985
CNX_Chem_12_03_OzoneHole	figure	0	rendered	0	0.0	0.0	0.0	1.0
CNX_Chem_09_03_WaterVapor	figure	0	rendered	0	0.0	0.0	0.0	0.993
CNX_Chem_10_01_PentIso	figure	0	rendered	0	0.0	0.0	1e-05	0.993
CNX_Chem_02_04_Hydrogen	figure	24	rendered	9	0.4375	0.01471	0.01471	0.0
CNX_Chem_06_03_spin	figure	0	rendered	0	0.0069	2e-05	5e-05	0.999
CNX_Chem_10_06_BdyCntrdCb	figure	0	rendered	0	0.1667	0.00228	0.00351	1.0
CNX_Chem_17_07_Water	figure	0	rendered	0	0.0	0.0	6e-05	1.0
CNX_Chem_02_02_CathodeRay	figure	4	rendered	352	1.0	0.15613	0.15659	0.045
CNX_Chem_04_04_GreenChem	figure	0	rendered	0	0.0	0.0	3e-05	0.997
CNX_Chem_17_06_Rust	figure	0	rendered	0	0.0	0.0	0.0	1.0
CNX_Chem_02_06_NaCation	figure	0	rendered	0	0.0	0.0	1e-05	1.0
CNX_Chem_18_03_CO2vsSiO2	figure	0	rendered	0	0.0	0.0	0.0	0.991
CNX_Chem_10_06_SimpleCub3	figure	0	rendered	0	0.0069	2e-05	0.00046	0.997
CNX_Chem_02_01_Dalton6_img	figure	0	rendered	0	0.0208	0.00074	0.00277	0.994
CNX_Chem_20_02_sugars	figure	0	rendered	0	0.0417	0.00014	0.00095	0.975
CNX_Chem_13_01_equilibrium	figure	0	rendered	0	0.0139	7e-05	0.00105	0.997
CNX_Chem_17_07_NaCl	figure	0	rendered	0	0.0	0.0	0.0	0.999
CNX_Chem_08_02_sp2Conv	figure	24	rendered	18	1.0	0.15162	0.15229	0.059
CNX_Chem_21_06_Exposure1	figure	0	rendered	0	0.0069	2e-05	3e-05	0.999
CNX_Chem_17_02_Galvanicel	figure	0	rendered	0	0.0	0.0	0.00055	0.994
CNX_Chem_05_03_Summit	figure	0	rendered	0	0.0833	0.00161	0.00193	0.995
CNX_Chem_11_01_Icepack	figure	516	rendered	206	1.0	0.15006	0.15006	0.0
CNX_Chem_12_05_COandO2	figure	0	rendered	0	0.0347	0.00031	0.00181	0.992
CNX_Chem_02_01_Dalton10_img	figure	0	rendered	0	0.0139	0.00012	0.00012	0.996
CNX_Chem_05_01_Thermom	figure	0	rendered	0	0.0278	9e-05	0.00071	0.997
CNX_Chem_21_04_CritMass	figure	0	rendered	0	0.0	0.0	0.0003	0.998
CNX_Chem_17_02_Oxidareduc	figure	0	rendered	0	0.0	0.0	0.0	0.997
CNX_Chem_01_01_Electrolys	figure	0	rendered	0	0.0208	3e-05	0.00054	0.999
CNX_Chem_18_05_Electrolys	figure	0	rendered	0	0.0208	3e-05	0.00054	0.999
CNX_Chem_21_04_ChnReact1	figure	0	rendered	0	0.0278	6e-05	0.00016	0.983
CNX_Chem_10_02_Question4_img	figure	0	rendered	0	0.0069	1e-05	0.00016	0.996
CNX_Chem_10_06_SimpleCub2	figure	0	rendered	0	0.0069	8e-05	0.00028	1.06
CNX_Chem_11_04_RaoultLaw	figure	176	rendered	493	1.0	0.21988	0.21988	0.0
CNX_Chem_21_06_Damage1	figure	0	rendered	0	0.1111	0.00061	0.00249	0.997
CNX_Chem_20_02_FunctGroup_img	figure	8	rendered	49	0.7708	0.0579	0.05808	0.016
CNX_Chem_02_02_AtomModels	figure	8	rendered	83	1.0	0.07923	0.08136	0.847
CNX_Chem_21_05_RadTherapy	figure	0	rendered	0	0.0	0.0	0.0	1.0
CNX_Chem_10_02_Testtubeoi_img	figure	0	rendered	0	0.0694	5e-05	0.00017	0.999
CNX_Chem_09_04_GasDiff	figure	0	rendered	0	0.0	0.0	1e-05	0.996
CNX_Chem_05_01_SolTherm1	figure	0	rendered	0	0.1319	0.00368	0.00666	0.993
CNX_Chem_17_03_GalvanCu	figure	0	rendered	0	0.0	0.0	0.0	0.996
CNX_Chem_08_04_salabel_img	figure	0	rendered	0	0.0	0.0	0.0	1.0
CNX_Chem_13_03_factory	figure	0	rendered	0	0.0	0.0	3e-05	1.001
CNX_Chem_01_02_CellPhone	figure	0	rendered	0	0.1389	0.00099	0.00257	0.998
CNX_Chem_12_04_HPerDcmp	figure	0	rendered	0	0.0	0.0	0.0	1.0
CNX_Chem_17_05_AlkalineBat	figure	0	rendered	0	0.0	0.0	0.0	1.0
CNX_Chem_08_04_siganti_img	figure	0	rendered	0	0.0	0.0	0.00058	1.0
CNX_Chem_20_01_FracDistil	figure	0	rendered	0	0.0833	0.00053	0.00066	1.0
CNX_Chem_06_04_Ptableconf	figure	0	rendered	0	0.0	0.0	0.0	0.992
CNX_Chem_11_04_refinery	figure	0	rendered	0	0.0833	0.00055	0.00071	0.995
CNX_Chem_17_08_Daniell	figure	0	rendered	0	0.1111	0.00366	0.0096	0.992
CNX_Chem_06_01_emspectrum	figure	4	rendered	192	1.0	0.09518	0.09524	0.072
CNX_Chem_08_01_pi	figure	12	rendered	20	1.0	0.22821	0.22879	0.009
CNX_Chem_14_01_conjugate_img	figure	0	rendered	0	0.0347	6e-05	0.00123	0.994
CNX_Chem_06_04_Econfig	figure	324	rendered	11	0.9514	0.02255	0.02279	0.122
CNX_Chem_21_06_RadonExpos	figure	148	rendered	1106	1.0	0.51895	0.51895	0.0
CNX_Chem_01_04_CylGold	figure	0	rendered	0	0.0	0.0	2e-05	0.999
CNX_Chem_17_05_LiIon	figure	0	rendered	0	0.0417	0.00051	0.00184	0.998
CNX_Chem_04_01_rxn2	figure	0	rendered	0	0.0208	0.0001	0.0016	0.992
CNX_Chem_09_03_DaltonLaw1-f981	figure	0	rendered	0	0.0069	1e-05	2e-05	0.999
CNX_Chem_05_02_FoodLabel	figure	0	rendered	0	0.0833	0.00121	0.00333	0.997
CNX_Chem_02_01_Dalton8_img	figure	0	rendered	0	0.0486	0.0024	0.01542	0.992
CNX_Chem_09_06_RealGas2	figure	0	rendered	0	0.0	0.0	0.0	1.0
CNX_Chem_10_05_MolSolids	figure	0	rendered	0	0.0139	0.00015	0.00054	1.002
CNX_Chem_05_02_IcePack	figure	520	rendered	190	1.0	0.1481	0.1481	0.0
CNX_Chem_20_01_alkanes	figure	4	rendered	17	0.9861	0.01466	0.01538	0.75
CNX_Chem_07_06_Dipolfield	figure	0	rendered	11	0.5	0.00298	0.00984	0.999
CNX_Chem_05_01_OxyacTorch	figure	540	rendered	577	1.0	0.46879	0.46879	0.0
CNX_Chem_20_01_monomer	figure	0	rendered	0	0.0069	3e-05	0.00024	0.995
CNX_Chem_17_05_DryCell	figure	0	rendered	0	0.2083	0.00474	0.01905	0.998
CNX_Chem_08_04_ssigma	figure	8	rendered	31	1.0	0.03914	0.03918	0.062
CNX_Chem_20_01_butaneIsom_img	figure	0	rendered	0	0.0486	0.00013	0.00119	0.975
CNX_Chem_05_02_HeatTrans2	figure	16	rendered	236	1.0	0.26955	0.27023	0.056
CNX_Chem_11_04_LabDistill	figure	0	rendered	0	0.0833	0.00099	0.00129	0.991
CNX_Chem_14_03_FishLemon	figure	0	rendered	0	0.0069	1e-05	6e-05	0.997
CNX_Chem_02_03_AtomSize	figure	0	rendered	0	0.0139	0.0001	0.00074	0.997
CNX_Chem_09_04_KMT2	figure	0	rendered	0	0.0069	1e-05	7e-05	1.0
CNX_Chem_01_01_FuelCell	figure	0	rendered	0	0.0	0.0	0.0001	1.0
CNX_Chem_10_06_ZnSStrctr	figure	0	rendered	0	0.0833	0.00171	0.00296	1.001
CNX_Chem_16_01_carbon	figure	4	rendered	210	1.0	0.14708	0.14788	0.503
CNX_Chem_08_03_spC	figure	0	rendered	0	0.0139	4e-05	0.00011	0.997
CNX_Chem_02_01_Dalton2	figure	4	rendered	211	1.0	0.55394	0.55485	0.063
CNX_Chem_02_01_MultProp	figure	0	rendered	0	0.1528	0.0017	0.00954	0.999
CNX_Chem_10_05_Graphene	figure	0	rendered	0	0.0208	0.00011	0.00253	0.991
CNX_Chem_21_04_NuclearPwr	figure	0	rendered	0	0.1389	0.0005	0.00094	0.998
CNX_Chem_12_06_BimoElRe	figure	0	rendered	0	0.0486	0.00273	0.00834	0.997
CNX_Chem_10_07_CaF2Strctr	figure	0	rendered	0	0.0167	0.00044	0.00099	0.997
CNX_Chem_20_01_propene1	figure	12	rendered	137	1.0	0.0789	0.0789	0.043
CNX_Chem_08_02_spGeom	figure	36	rendered	75	1.0	0.04625	0.04636	0.027
CNX_Chem_20_01_geoIsomers_img	figure	0	rendered	0	0.0486	0.00027	0.00165	0.992
CNX_Chem_10_05_NtwrkSolid	figure	0	rendered	0	0.0139	7e-05	0.00217	0.976
CNX_Chem_10_05_Carbon	figure	0	rendered	0	0.0833	0.00038	0.00585	0.99
CNX_Chem_07_06_NH3	figure	100	rendered	85	1.0	0.13404	0.13562	0.038
CNX_Chem_08_01_N2LewStru_img	figure	48	rendered	76	1.0	0.23911	0.24059	0.087
CNX_Chem_21_06_Penetrate	figure	0	rendered	0	0.0833	0.00034	0.00041	0.996
CNX_Chem_05_01_HotCold	figure	0	rendered	0	0.0208	0.0005	0.00161	1.013
CNX_Chem_04_04_limiting	figure	0	rendered	0	0.0417	0.00046	0.00225	0.978
CNX_Chem_08_04_AOtype_img	figure	0	rendered	0	0.0069	0.0001	0.0024	1.0
CNX_Chem_11_05_emulsoil	figure	150	rendered	226	1.0	0.35831	0.35831	0.0
CNX_Chem_02_04_Isomers2	figure	0	rendered	0	0.0833	0.00095	0.00189	0.981
CNX_Chem_02_02_GoldFoil3	figure	0	rendered	0	0.0208	8e-05	0.00011	0.999
CNX_Chem_21_05_SmokeAlarm	figure	0	rendered	0	0.0	0.0	0.00011	0.999
CNX_Chem_03_01_brain-ec0b	figure	0	rendered	0	0.0417	9e-05	0.0006	0.997
CNX_Chem_05_02_HeatMeas	figure	8	rendered	700	1.0	0.40614	0.40656	0.004
CNX_Chem_21_04_ControlRod	figure	0	rendered	0	0.0833	0.00055	0.00173	0.994
CNX_Chem_04_01_rxn3	figure	24	rendered	136	1.0	0.10444	0.10541	0.38
CNX_Chem_10_03_VapPress1	figure	0	rendered	0	0.0764	0.0005	0.00066	0.994
CNX_Chem_10_06_CubUntCll	figure	0	rendered	0	0.1389	0.0002	0.0005	0.999
CNX_Chem_08_02_sp2Geom	figure	0	rendered	0	0.0903	0.00046	0.00073	1.005
CNX_Chem_10_01_Geckos	figure	0	rendered	0	0.0833	0.00209	0.00228	0.994
CNX_Chem_08_01_O2bonds_img	figure	28	rendered	124	1.0	0.24517	0.25228	0.113
CNX_Chem_16_03_Entropies	figure	0	rendered	0	0.0208	0.0002	0.00066	0.999
CNX_Chem_18_07_Nitrogen	figure	84	rendered	2181	1.0	0.96476	0.96476	0.0
CNX_Chem_08_02_sp3Geom	figure	100	rendered	139	1.0	0.05084	0.05084	0.0
CNX_Chem_10_06_ClstPckng2	figure	0	rendered	0	0.0139	0.00011	0.00043	0.997
CNX_Chem_11_01_solusolv	figure	0	rendered	0	0.0417	0.00048	0.00109	1.002
CNX_Chem_07_06_Egeom	figure	188	rendered	126	1.0	0.06531	0.0654	0.008
CNX_Chem_08_02_HybrdOrbit	figure	296	rendered	254	1.0	0.11165	0.11175	0.009
CNX_Chem_21_04_FissnBomb	figure	0	rendered	0	0.0833	0.00118	0.01258	1.003
CNX_Chem_08_03_C2H4orbit	figure	64	rendered	171	1.0	0.28667	0.28762	0.032
CNX_Chem_10_06_CbcCltPckd	figure	0	rendered	0	0.0	0.0	6e-05	0.999
CNX_Chem_11_05_oilspill	figure	0	rendered	0	0.0833	0.00099	0.00107	0.993
CNX_Chem_08_03_C2H2	figure	60	rendered	151	1.0	0.26593	0.26671	0.053
CNX_Chem_06_05_CovalradiT	figure	0	rendered	0	0.0694	0.00019	0.00126	0.988
CNX_Chem_05_01_HeatTrans1	figure	0	rendered	0	0.0347	0.00189	0.0115	0.986
CNX_Chem_10_06_IntIonst	figure	0	rendered	0	0.0312	0.00094	0.00206	0.975
CNX_Chem_16_02_Gas	figure	0	rendered	0	0.0	0.0	0.01177	0.997
CNX_Chem_10_05_TypesSol	figure	0	rendered	0	0.0417	0.00275	0.00845	0.998
CNX_Chem_12_07_CatConvert	figure	0	rendered	0	0.0	0.0	7e-05	0.996
CNX_Chem_10_06_CrystalSys	figure	0	rendered	0	0.0208	0.00012	0.00022	1.0
CNX_Chem_10_05_CrystDfcts	figure	0	rendered	0	0.0069	0.0002	0.00078	0.998
CNX_Chem_04_04_sandwich	figure	208	rendered	719	1.0	0.41597	0.41597	0.0
CNX_Chem_06_03_Oshapes	figure	88	rendered	473	1.0	0.12223	0.12227	0.016
CNX_Chem_10_06_TetOctHole	figure	0	rendered	0	0.0139	0.00011	0.00031	0.998
CNX_Chem_03_01_exocytosis-88f6	figure	632	rendered	218	1.0	0.13791	0.13935	0.29
CNX_Chem_10_07_CsClStrctr	figure	0	rendered	0	0.0139	9e-05	0.00014	1.001
CNX_Chem_10_07_NaClStrctr	figure	0	rendered	0	0.1528	0.00121	0.00986	0.999
CNX_Chem_11_04_osmosis	figure	0	rendered	0	0.0278	0.00013	0.00047	1.0
CNX_Chem_10_01_KMTPhases1	figure	0	rendered	0	0.0069	5e-05	0.00016	1.011
CNX_Chem_12_07_HetCats-230a	figure	0	rendered	0	0.0694	0.0003	0.00094	0.991
